Cliente_ID,Total_Transacoes_2023,Total_Valor_2023,Media_Valor_2023
6498,48,28652.719993591309,609.6323402891768
6830,70,40281.399946212769,575.44857066018244
7423,65,35062.010054588318,539.41553930135876
1589,53,28648.940118789673,540.54603997716367
8087,68,37796.460169315338,555.83029660757848
7494,69,44777.259939193726,648.94579622019887
2917,66,42086.639941215515,647.48676832639251
7755,61,34258.550201416016,561.61557707239365
4838,7,4525.7500305175781,646.53571864536832
9415,61,35292.109926223755,588.2018321037292
8419,18,11195.499946594238,621.97221925523547
6189,69,45962.599910736084,666.12463638747943
1234,71,47106.250117778778,663.46831151801098
9060,67,44449.379848480225,663.423579828063
7068,66,41609.210010528564,630.44257591709948
5857,17,7345.0601024627686,432.06235896839814
8181,50,28916.150075912476,578.3230015182495
1211,57,36313.76989364624,637.08368234467093
9461,62,38312.990067481995,617.95145270132252
1875,59,38185.890144348145,647.21847702284992
9129,16,11354.059928894043,709.62874555587769
1188,52,32451.590153694153,624.06904141719519
9438,63,39917.309841156006,633.60809271676203
2061,67,40189.109916687012,599.83746144308975
1729,66,38320.0100440979,580.60621278936208
7139,10,7142.0099334716797,714.20099334716792
2084,62,28561.990102291107,460.67725971437272
5001,65,37851.449966430664,591.42890572547913
2345,60,51044.999885559082,850.74999809265137
1094,10,4819.900016784668,481.9900016784668
3650,62,37685.250016212463,607.82661316471717
5101,53,29858.029998779297,563.35905658074148
5648,66,40288.520000457764,610.43212121905708
9607,70,39831.409801483154,569.0201400211879
7640,18,12281.789916992188,682.32166205512158
2322,64,39509.369848251343,617.33390387892723
3040,71,38138.049585342407,537.15562796256916
3458,66,38918.54995059967,589.67499925151014
6381,68,38610.940022468567,567.80794150689064
8868,18,9252.9799957275391,514.05444420708545
6876,16,9449,590.5625
4291,64,38186.330339431763,596.66141155362129
8227,70,46436.449959754944,663.37785656792778
3604,61,35567.180070877075,583.06852575208325
4268,56,36526.089973449707,652.25160666874478
5571,68,40980.800134658813,602.65882550968843
2940,59,36729.400051116943,622.53220425621942
2399,57,34855.130123138428,611.49351093225312
1071,58,44046.519912719727,759.42275711585739
8828,66,61107.379468917847,925.86938589269459
1844,72,48687.580223083496,676.21639198727075
9824,64,43585.909885406494,681.02984195947647
1263,52,30954.499898910522,595.27884420981775
4251,10,7731.1300048828125,773.11300048828127
1689,62,34548.070109844208,566.36180507941322
7062,67,41282.060009002686,616.15014938809975
3564,62,38867.980114936829,626.90290507962629
1357,60,34229.119956016541,570.48533260027568
9183,61,38701.65009021759,634.45328016750148
2685,67,64332.299488067627,960.18357444877051
8734,19,12691.549934387207,667.9763123361688
5734,9,6136.7600402832031,681.86222669813367
5542,54,33342.840221405029,617.4600041000931
4297,69,40806.209976196289,591.39434748110568
6621,61,40516.620136260986,664.20688747968825
2625,58,35761.710210800171,616.58121053103741
7703,15,9170.280029296875,611.35200195312495
4214,11,7397.6799926757813,672.51636297052562
6707,6,3164.5100059509277,527.41833432515466
3278,52,30851.21010017395,593.29250192642212
5934,54,34372.199676513672,636.52221623173466
1606,59,35084.749998092651,594.65677962868904
9561,58,36340.209966659546,626.55534425275084
4995,65,39574.059930324554,608.83169123576238
2090,54,31786.179990768433,588.63296279200802
7995,55,29229.710096359253,531.44927447925909
8333,66,40468.049964904785,613.15227219552708
3418,62,35139.029973983765,566.75854796748013
1011,73,49986.719528675079,684.74958258459014
9169,58,34956.460021018982,602.69758656929275
4005,4,1948.3100128173828,487.0775032043457
2144,49,27998.929933547974,571.40673333771372
1652,71,40650.650020599365,572.54436648731496
2777,48,27822.009868621826,579.62520559628808
7646,41,28519.860000610352,695.60634147830126
7941,59,40748.510013580322,702.56051747552283
4308,70,40339.670074462891,576.28100106375553
5439,68,36821.880096435547,541.49823671228751
1111,56,35446.770088195801,632.97803728921076
5433,2,1714.5399780273438,857.26998901367188
5980,4,2470.7000122070313,617.67500305175781
2439,2,1046.8900146484375,523.44500732421875
4798,58,29720.960218429565,512.43034859361319
8041,52,33983.850161552429,653.53558002985437
7208,63,34511.409847259521,547.80015630570665
3959,54,31228.189956665039,578.29981401231555
5631,70,42030.489891052246,600.43556987217494
2385,56,35442.840035438538,632.90785777568817
9223,60,34635.020057678223,577.25033429463701
1698,60,32713.489864349365,545.22483107248945
1157,59,38410.449924468994,651.02457499099989
3813,67,41413.43989276886,618.11104317565457
4354,17,11335.789993286133,666.81117607565488
5239,62,35367.849962234497,570.44919293926603
9567,64,41662.409744262695,650.97515225410461
9000,60,34163.499908447266,569.39166514078772
3427,66,47099.400203704834,713.62727581370962
8336,17,12570.169952392578,739.42176190544581
9498,8,4817.2699737548828,602.15874671936035
9355,61,36158.25003528595,592.75819729976968
2906,65,52184.809492111206,802.84322295555705
3521,54,33264.680107116699,616.01259457623519
6724,15,7875.919976234436,525.0613317489624
4068,9,4886.7700347900391,542.97444831000439
9710,55,34878.860332489014,634.16109695434568
4801,61,38704.790088653564,634.50475555169783
6132,66,39859.930195808411,603.93833630012739
1718,47,24854.060091018677,528.80978917061009
8453,49,24257.120187759399,495.04326913794694
3547,74,44383.049919128418,599.77094485308669
1555,58,39164.770217895508,675.25465892923285
6203,61,38727.010107517242,634.86901815602039
4543,47,29283.450080871582,623.05212938024647
6793,58,37111.250076293945,639.84913924644729
4852,50,50194.359928607941,1003.8871985721588
8430,73,44398.729877471924,608.20177914345106
5848,62,40174.969898700714,647.98338546291473
4729,63,52564.819527626038,834.36221472422278
9733,73,43809.950021743774,608.47152807977466
5442,69,38265.07000541687,562.7216177267187
2196,64,36714.569873809814,573.66515427827835
2479,76,46461.539739608765,611.33604920537846
4188,55,41473.519744873047,754.06399536132813
2147,68,33444.070155143738,491.82456110505495
6487,6,2867.620044708252,477.93667411804199
2837,61,37465.079805374146,614.1816361536745
4758,67,44161.329830169678,659.12432582342808
5250,13,9739.4699478149414,749.18999598576477
7265,60,52874.310453891754,881.23850756486252
9312,71,39751.990134239197,559.88718498928449
7763,63,38974.029708862305,618.63539220416362
6607,68,39090.099960327148,574.85441118128165
5107,65,37793.520021438599,581.43876956059387
3384,68,42600.680008888245,626.48058836600364
4466,58,33141.970283508301,571.41328075014314
6040,59,36713.130029678345,622.25644118098887
4045,61,35036.15037727356,583.93583962122602
3802,69,42462.959825515747,615.40521486254704
5276,64,40675.759630203247,645.64697825719441
2694,72,39987.709949493408,555.38486040963062
5227,57,31277.179904937744,548.72245447259195
7440,82,49509.859879493713,603.77877901821603
8522,62,39169.000257492065,631.75806866922687
5911,56,33128.539979934692,591.5810710702624
9492,76,43925.870014190674,577.9719738709299
1583,55,31452.729852676392,571.86781550320711
9504,69,36274.500272750854,533.44853342280669
1334,61,38745.929935455322,645.76549892425533
6587,53,31057.509936332703,585.99075351571139
3255,13,8600.0099563598633,661.53922741229712
8900,65,41695.700134277344,641.47230975811294
1191,76,41400.999811649323,544.74999752170163
4523,63,53547.040390014648,849.95302206372457
5568,9,5389.2399139404297,598.80443488227002
3043,60,38423.160057067871,640.38600095113122
9292,68,42931.580047607422,631.3467654059915
7632,62,38801.079746246338,625.8238668749409
6289,65,39375.069942474365,605.77030680729797
7620,53,36176.149875640869,682.56886557812959
9043,61,38027.520079612732,623.40196851824146
8565,62,36987.090015411377,596.56596799050612
1028,61,36726.730073928833,602.07754219555466
8602,61,32389.570095062256,530.97655893544686
7569,62,39405.239992141724,635.56838697002775
4274,75,51888.359958648682,691.84479944864904
3696,79,45619.219790458679,577.45847836023643
5307,4,2623.6300201416016,655.90750503540039
4237,64,42335.690006256104,661.49515634775162
1569,67,37193.619922637939,555.1286555617603
6979,54,32545.080008506775,602.68666682419951
2602,47,25140.62992477417,534.90701967604616
4225,22,14107.38996887207,641.24499858509409
9647,11,7503.7200775146484,682.15637068314982
3590,59,35851.609802246094,607.65440342789987
1918,54,36487.209858894348,675.68907146100639
6152,52,30655.349826812744,589.52595820793738
2316,50,45117.000305175781,902.34000610351563
8310,73,46085.850106239319,631.31301515396331
8267,60,34653.050090789795,577.55083484649663
7818,57,31210.000038146973,547.54386031836793
2216,64,40229.749917030334,628.58984245359898
9541,67,40976.099822998047,611.58357944773206
7626,11,8122.6699371337891,738.42453973943532
5313,67,46437.829746246338,693.10193651113934
1034,58,36756.78003692627,633.73758684355641
2608,68,38052.959812164307,559.60235017888681
3149,53,33619.789768218994,634.33565600413192
1526,79,44744.590035438538,566.38721563846252
5903,11,4638.9599761962891,421.72363419966263
5004,65,35375.670036315918,544.24107748178335
4340,54,30191.620015144348,559.10407435452498
2419,60,35997.719860076904,599.96199766794837
9913,61,33865.579960823059,555.17344198070589
4672,76,46737.359954833984,614.96526256360505
8253,69,41683.819919586182,604.1133321679157
7257,60,34878.219821929932,581.30366369883222
3699,59,38235.410060882568,648.05779764207739
4031,49,25293.600049972534,516.19591938719452
2064,72,41551.759880065918,577.10777611202661
8894,56,32994.900246620178,589.19464726107458
6902,6,2482.7099761962891,413.78499603271484
9867,55,34946.749707698822,635.39544923088772
5453,61,36268.530022621155,594.56606594460914
6215,59,34560.510038375854,585.7713565826416
1137,76,39027.929968833923,513.52539432676213
3461,67,40126.849987030029,598.90820876164219
7706,70,38894.960115432739,563.69507413670635
1801,63,38159.690234184265,605.70936879657563
5050,60,34208.059929847717,570.13433216412864
5737,62,35328.089897155762,569.80790156702847
6192,59,35671.769939422607,604.60627015970522
2774,60,39837.020001411438,663.9503333568573
1586,85,48360.24977684021,568.94411502164951
7420,46,26834.480138778687,583.35826388649321
6163,62,37238.349985122681,600.61854814714002
4248,54,29732.420056343079,550.60037141376074
5499,18,11179.460209846497,657.61530646155859
2250,12,8629.4698486328125,719.12248738606775
2820,69,43668.449919700623,642.18308705442087
1492,53,34979.119724273682,659.98339102403168
7443,65,37125.799697875977,571.16614919809194
2279,66,43601.779993057251,660.63303019783712
7806,8,5303.1599578857422,662.89499473571777
3553,73,45289.170408248901,620.3995946335466
4294,66,42375.289961338043,642.04984789906121
9704,57,37630.139991760254,660.17789459228516
7537,18,9609.6799774169922,533.87110985649952
2471,72,37817.590184211731,532.64211527058774
5127,49,26822.889921188354,547.40591675894598
9458,63,39040.100153923035,619.68412942734972
9604,69,38622.010101318359,559.73927683070087
8399,62,38070.720288276672,614.04387561736564
1784,63,37962.40002155304,602.57777811988956
3653,55,35441.8000831604,644.39636514837093
5522,67,38294.350203514099,571.557465724091
8940,74,43795.52986907959,591.8314847172918
1022,75,48030.159702301025,640.40212936401372
1346,62,53723.769914627075,866.5124179778561
9907,62,35673.319955825806,575.37612831977106
1097,62,35340.369710922241,570.00596307939099
9658,64,40437.22989654541,631.83171713352203
1749,55,34429.180180549622,625.9850941918113
5591,4,1760.8099975585938,440.20249938964844
7357,74,43134.499885559082,582.89864710214977
4062,78,47732.789699554443,611.9588423019801
9564,59,38657.379967212677,655.20982995275722
3066,59,35989.549948692322,609.99237201173423
1738,78,64710.960361480713,829.62769694206042
2187,24,14329.190078735352,597.04958661397302
9953,51,29839.340030670166,585.08509864059147
7297,57,35590.25998878479,624.39052611903139
2296,62,35328.969847679138,569.82209431740546
2542,56,36131.250003814697,645.20089292526245
8293,62,35707.749883651733,575.93144973631831
2047,56,34373.32021522522,613.80928955759316
4643,78,48513.579708099365,621.96897061665857
3020,62,35678.040241241455,575.45226195550731
3561,11,5867.0599594116211,586.70599594116209
9074,62,35988.670063018799,580.46242037127092
7497,72,37954.529830932617,527.14624765184192
8825,58,36583.049932479858,630.74224021517
9418,68,42320.32971906662,631.64671222487493
9080,74,43114.519969940186,582.62864824243491
7746,50,26487.339952468872,529.74679904937739
1841,62,36593.200256347656,590.21290736044602
8090,59,36909.670022964478,625.58762750787253
3275,75,47992.30002117157,639.89733361562094
3269,69,37813.569676399231,548.02274893332219
8144,71,44358.030033111572,633.68614333016535
8138,71,43036.069805145264,606.14182824148259
4941,49,28969.909797668457,591.22264893200929
3613,64,34850.910160064697,544.54547125101089
7652,58,31901.280056476593,550.02206993925165
8631,79,43798.379821777344,554.40987116173858
3467,56,32413.359855651855,578.80999742235451
3123,56,32315.29002571106,577.05875045912603
6618,61,39423.199770927429,646.28196345782669
8533,65,41205.049806594849,633.9238431783823
9959,52,38001.890071868896,730.80557830517114
3321,62,38518.519926071167,621.26645042050268
1649,74,46305.229862213135,625.74634948936671
8485,64,38727.380327224731,605.11531761288643
6518,65,39585.970102310181,609.01492465092588
4649,58,35155.23015499115,606.12465784467497
2780,56,28455.240080356598,508.12928714922498
2436,74,41630.770030975342,562.57797339155866
4108,57,33836.459927558899,593.62210399226137
3593,63,36925.490198135376,586.11889203389489
4755,67,42433.989891052246,633.34313270227233
8834,64,42092.130058288574,657.68953216075897
5253,70,46805.819791793823,668.65456845419749
1672,58,35071.170097351074,604.67534650605296
8668,4,2247.9300079345703,561.98250198364258
8691,68,42570.550134658813,626.03750198027672
1031,15,9966.5098571777344,664.43399047851563
8525,62,37816.210083007813,609.93887230657765
3238,66,38456.149890422821,582.66893773367906
9023,72,41820.210050106049,580.83625069591733
1529,62,37025.569974422455,597.18661249068475
9189,68,34489.519931793213,507.1988225263708
3736,69,41632.429741859436,603.36854698347008
6461,57,37550.339721679688,658.77788985402958
8785,66,41564.769836425781,629.76923994584513
9117,61,38424.830018997192,629.91524621306871
3879,57,35178.670074462891,617.16965042917354
1460,61,35892.589856147766,588.40311239586504
1792,54,33459.180025100708,619.61444490927238
2382,49,34557.470062255859,705.25449106644612
4469,45,66307.920845031738,1473.5093521118165
7792,16,9935.870002746582,620.99187517166138
5061,76,45960.069931030273,604.7377622503983
7151,70,39193.210156440735,559.90300223486759
8811,82,50254.799926757813,612.86341374094889
6106,56,32679.519924163818,583.56285578863958
1200,17,7999.7699432373047,470.57470254337085
3928,67,39844.170074462891,594.68910558899836
2001,52,31399.400053024292,603.83461640431335
3501,56,33079.299854278564,590.70178311211725
8742,14,10164.839958190918,726.05999701363703
3779,67,35650.250044822693,532.09328425108492
7929,63,35853.169860839844,569.09793429904516
7978,65,40151.149885654449,617.70999824083765
5986,54,35740.000156402588,661.85185474819605
3115,13,7557.1200828552246,581.31692945040186
5771,3,2536.0399780273438,845.34665934244788
4048,73,45526.389766693115,623.64917488620711
9283,60,35937.940017700195,598.96566696166997
9950,85,49639.749846458435,583.99705701715811
7809,68,39581.460163116455,582.08029651641846
9973,61,38645.889754295349,633.53917629992372
1194,68,37815.149868011475,556.10514511781582
6063,71,40731.170074462891,573.67845175299851
1243,52,30165.979866027832,580.11499742361218
5259,65,38150.090071678162,586.92446264120247
3089,66,38076.659999847412,576.91909090677893
9587,63,33073.259643554688,533.43967167023686
3836,66,40142.599918365479,608.22121088432539
9160,60,36608.550216674805,610.14250361124675
3195,62,39612.680044174194,638.91419426087407
7523,61,38705.849922180176,634.52212987180621
6896,51,34235.9901304245,671.29392412597053
1629,70,41699.26026725769,595.70371810368124
3538,48,28872.359996795654,601.5074999332428
5957,53,31888.829917907715,601.67603618693806
6206,21,13036.360061645508,620.77905055454801
4975,60,38544.649909973145,642.41083183288572
9303,61,36610.040027618408,600.16459061669525
8307,59,33305.789870738983,564.50491306337256
4569,58,33123.850040435791,571.10086276613436
8270,57,32899.050234794617,577.17631990867744
1323,55,33806.460250854492,614.66291365189988
8221,51,46267.849868774414,907.21274252498847
8897,16,8219.4299964904785,513.71437478065491
5416,72,41248.80020904541,572.90000290340845
9003,51,35166.30001449585,689.53529440187936
1088,64,35456.639953613281,562.80380878751237
9252,54,35286.610191345215,653.45574428417069
6590,15,8615.8600311279297,574.39066874186199
9246,9,6594.8098945617676,732.7566549513075
4669,8,4724.7699584960938,590.59624481201172
1480,65,35766.450039863586,550.25307753636287
6939,53,35258.470031738281,665.25415154223174
8605,68,36409.669893264771,535.43632195977602
7474,54,34085.09991645813,631.20555400848389
5267,55,32790.490196228027,596.19073084050956
6933,72,48801.070190429688,677.79264153374561
6982,62,36250.490169525146,584.68532531492167
7380,62,36746.169909000397,592.68015982258703
8954,61,36987.440074920654,606.35147663804355
7131,77,45382.800085067749,589.38701409178896
6100,66,41113.669736862183,622.93438995245731
8313,52,31268.119819641113,613.10038862041404
6149,73,39451.439738273621,540.43068134621399
9395,69,41941.520023345947,607.84811628037608
1772,63,36424.469848632813,578.16618807353666
2854,62,36565.939945220947,589.77322492291853
5067,15,8046.9500503540039,536.46333669026694
8348,62,32495.110275268555,524.11468185917022
6024,54,29651.220036506653,549.09666734271582
2846,71,42798.140201568604,602.79070706434652
8680,60,36350.360223770142,605.83933706283574
9012,51,32716.910092353821,641.50804102654547
4435,72,41166.999984741211,571.7638886769613
7684,52,31596.219909667969,607.61961364746094
7375,64,37943.730030059814,592.8707817196846
1209,45,28369.739902496338,630.43866449991867
9367,72,45578.3701171875,633.03291829427087
3416,49,27210.1599817276,566.8783329526583
2537,57,34407.500207901001,603.64035452457892
2420,71,37122.47015953064,522.85169238775552
8371,66,42117.949649810791,638.1507522698605
9035,9,6188.3400421142578,687.59333801269531
9227,61,35426.599901199341,580.76393280654656
4481,69,40214.999814987183,591.39705610275269
7730,71,44581.700160980225,627.91126987296093
9868,74,43931.359926223755,593.66702603005069
5454,61,35974.260137557983,589.74196946816369
8417,58,39958.489793777466,688.9394792030597
8872,75,60868.319703102112,811.57759604136152
7114,68,55381.279602050781,814.4305823830997
4458,73,66865.22974395752,915.96205128708925
3794,55,32771.679782867432,595.84872332486236
7778,68,42514.08962726593,625.20720040096955
8517,76,43522.150150299072,572.65987039867196
5594,76,51447.379999160767,676.9392105152732
4272,65,39515.940040588379,617.43656313419342
4936,61,32977.600047111511,540.61639421494283
7189,63,37116.360034942627,589.14857198321636
8179,1,843.75,843.75
8494,48,28717.860312461853,611.01830452046499
2328,66,39551.069925308228,599.25863523194289
1664,72,43371.569924354553,602.38291561603546
6951,64,39759.870069503784,621.24796983599663
2397,68,43760.380002975464,643.53500004375678
6310,68,40367.140243530273,593.63441534603339
6479,54,29415.200061798096,544.72592707033516
7120,68,43277.720008850098,636.43705895367793
5546,15,7586.629955291748,505.77533035278321
7346,65,41893.160055160522,644.51015469477727
6018,56,31882.329785346985,569.32731759548187
6765,60,35846.549959182739,597.44249931971228
4358,60,33547.440053939819,559.124000898997
8342,71,39090.700082778931,558.4385726111276
2188,4,2610.5499572753906,652.63748931884766
8686,3,2484.06005859375,828.02001953125
5377,62,39461.250080108643,636.47177548562331
5045,55,49513.190128326416,900.23982051502571
3422,66,35506.169933319092,537.9722717169559
9373,71,40202.050246238708,566.22605980617902
9705,67,39826.220002174377,594.42119406230415
5531,68,38991.020270347595,573.39735691687645
6719,72,39661.560047149658,550.85500065485633
1902,74,43468.220204353333,587.40838113990992
2984,67,46029.709953308105,687.01059631803139
3067,68,46592.590026855469,685.18514745375694
1558,69,42266.839832305908,612.56289612037551
5723,19,12357.090037345886,650.37315986030978
3671,62,37322.059850692749,622.03433084487915
7655,74,50798.559906005859,686.46702575683594
2577,62,31478.229810714722,507.71338404378582
4999,65,37013.579986572266,578.33718729019165
6905,61,37131.989925384521,608.72114631777902
9175,54,32951.58959197998,610.21462207370337
6513,64,44488.489736557007,695.13265213370323
8926,65,42825.739971160889,658.85753801785984
2932,64,39880.689982414246,633.02682511768649
2334,71,42502.000049591064,598.61971900832486
5629,72,66168.700229644775,919.00972541173303
3957,21,10964.429873466492,522.11570826030913
5139,60,52936.450061798096,882.27416769663489
9716,21,12449.440101623535,592.83048102969212
5483,66,51827.85954284668,785.27059913404059
1401,66,42453.660033226013,643.23727323069716
8388,43,25086.640018463135,583.41023298751475
9221,69,45476.459856033325,659.07912834830904
6565,72,45423.490184783936,630.88180812199914
4896,49,27603.409990310669,563.33489776144222
4306,79,49601.429874420166,627.86620094202738
2729,23,13836.220016479492,601.57478332519531
5978,4,1185.1399841308594,296.28499603271484
7060,11,6102.3400802612305,554.75818911465728
5583,75,47633.179988861084,635.10906651814776
3370,50,30069.580264568329,601.39160529136655
3911,64,42403.569952964783,662.55578051507473
9321,60,34304.040008544922,581.4244069244902
4255,12,7755.2099609375,646.26749674479163
6605,60,37664.359725952148,627.73932876586912
6344,63,32977.930027008057,523.45920677790571
3024,69,41821.550016403198,606.10942052758253
1269,10,5362.860107421875,536.2860107421875
6865,62,34004.709655761719,548.46305896389867
8408,70,42859.360164642334,612.27657378060474
6250,57,35869.580123901367,629.29087936669066
7412,58,33640.579921722412,580.00999865038636
9902,67,37873.549890518188,565.27686403758491
8906,69,42024.959915161133,609.05739007479906
1816,71,44544.150007247925,627.38239446828061
8812,74,44612.109880447388,602.86634973577554
7481,73,51017.030254364014,698.8634281419728
5468,55,33849.779846191406,615.4505426580256
8145,64,39650.019905090332,619.53156101703644
9476,19,11271.89995765686,593.25789250825585
4899,72,40726.399817466736,565.64444190926019
1126,60,38436.510164260864,640.60850273768108
5872,61,57112.480639457703,936.27017441733938
7532,49,30560.19995880127,623.6775501796177
8528,55,35991.810070037842,654.39654672796075
4827,60,36521.759960174561,608.69599933624272
6536,45,28013.569826126099,622.52377391391326
8737,77,47697.359984397888,619.44623356360898
5491,44,23377.350001335144,531.30340912125325
9353,68,42098.889801025391,619.10132060331455
2600,73,43617.709849357605,605.80152568552228
1859,80,52116.929866790771,651.46162333488462
5274,72,40695.589797973633,565.21652497185596
4017,51,29901.140098571777,586.29686467787803
9851,68,43448.789756774902,638.95279054080743
8500,61,34809.020009994507,570.6396722949919
4117,57,31838.790318489075,558.57526874542236
6158,56,34479.209873199463,615.70017630713323
4615,46,30138.179956436157,655.17782513991642
2500,64,40714.719869613647,636.16749796271324
1146,70,43650.80989074707,623.58299843924385
9310,79,43503.3201379776,550.67493845541264
3310,59,50277.849998474121,852.16694912668004
6064,62,39363.75984954834,634.89935241207002
4564,62,39725.809866428375,640.73886881336091
1487,54,32948.319961547852,621.66641436882742
7979,57,35627.610036849976,625.04579012017496
6038,66,43420.909882068634,657.89257397073686
3333,54,38369.420021057129,710.54481520476168
2620,65,37636.710014343262,579.02630791297327
1275,74,42721.259922027588,577.31432327064306
6101,72,43350.67991733551,602.09277662965985
9006,13,7520.9100666046143,578.53154358497034
6848,63,38633.409873962402,613.22872815813332
9682,66,41726.310194015503,632.21682112144697
8259,56,29445.880077362061,525.81928709575106
3943,15,10935.329971313477,729.02199808756507
3539,29,16898.340003967285,582.70137944714781
7867,56,30246.710076332092,540.11982279164454
3041,64,38419.779765129089,600.30905883014202
5709,66,38506.790184497833,583.43621491663384
8365,13,9518.7899475097656,732.21461134690503
4086,12,6142.100040435791,511.84167003631592
2308,62,40426.430023193359,652.03919392247349
3055,61,38076.639862060547,624.20721085345156
4727,61,36125.809856414795,592.22639108876717
9882,56,35242.140022277832,629.32392896924705
7383,63,37130.200096130371,589.36825549413288
7226,67,39674.970207214355,592.16373443603516
1226,61,43710.900115966797,728.51500193277991
6301,65,41270.600078582764,634.93230890127325
3894,61,34607.120014190674,567.32983629820774
2059,15,8318.0200157165527,554.53466771443686
5995,70,42936.430108070374,613.37757297243388
9696,72,43078.250043869019,598.3090283870697
4335,54,31493.979835510254,583.22184880574548
9241,69,41621.239994049072,603.20637672534883
4286,74,40266.460094451904,544.14135262772845
9590,40,24699.489837646484,617.48724594116209
9104,60,37357.510120391846,622.62516867319744
5511,72,43159.480018615723,599.43722248077393
2855,62,35447.200156211853,571.72903477761054
2457,60,38322.329853057861,638.70549755096431
6293,70,40018.080225467682,571.68686036382405
2955,59,36590.879973888397,620.18440633709145
7332,1,348.66000366210938,348.66000366210938
9298,62,38142.730195999146,615.20532574192168
7724,54,33401.779926300049,618.55148011666756
1475,51,30771.920106887817,603.37098248799646
3888,81,57117.559703826904,705.15505807193711
3639,66,36183.060123443604,548.2281836885395
1132,71,41052.480093002319,578.20394497186362
4329,63,35009.610023498535,555.70809561108786
7034,25,12555.280109882355,502.2112043952942
9739,70,37972.719839096069,542.46742627280094
7624,66,38277.650186061859,579.96439675851298
1624,71,40378.360070228577,568.70929676378273
7083,13,9035.5099029541016,695.03922330416162
7518,63,41403.500070571899,657.19841381860158
2348,60,38222.249950408936,637.03749917348227
3605,50,29916.559986114502,598.33119972229008
5929,55,35081.42032623291,637.84400593150747
5597,75,44757.11009311676,596.76146790822349
2680,66,43464.099956512451,658.54696903806746
7850,60,32959.00982093811,549.31683034896855
4269,20,12536.400039672852,626.82000198364256
2371,64,35128.290090560913,548.87953266501427
1043,76,48370.179979801178,636.44973657633125
6808,63,37330.280027389526,592.54412741888132
4555,59,33788.240062713623,572.68203496124784
5148,69,39244.050043106079,568.7543484508127
4223,66,33609.470028877258,517.06876967503479
3058,64,39675.309997558594,619.92671871185303
3390,57,31947.660064697266,560.48526429293452
1567,17,9669.3800506591797,568.78706180348115
4409,67,42788.189956665039,638.62970084574681
3413,92,55519.180070877075,603.46934859648991
3868,56,30623.810089111328,546.85375159127375
8823,16,10250.800003051758,640.67500019073486
7094,67,40406.409934043884,603.08074528423708
7023,63,36268.409969329834,575.68904713221957
9679,68,41758.47013092041,614.09514898412363
5689,59,32268.400025367737,546.9220343282667
5766,62,41124.069746017456,663.29144751641059
8345,48,27461.210041046143,572.10854252179467
9602,67,37321.76012802124,557.04119594061558
6353,57,32645.990175247192,572.73666974117884
5025,66,39038.879812240601,591.49817897334242
2517,59,38853.51039981842,658.53407457319361
8322,79,51034.320206642151,646.00405324863482
6336,62,39727.560266494751,640.76710107249596
1467,55,30289.329907417297,550.71508922576902
5789,77,41730.589981079102,541.95571403998838
1830,59,35511.809920310974,601.89508339510121
2795,6,3767.6500473022461,627.94167455037439
8299,57,36837.559859275818,646.272979987295
4146,74,42784.970104217529,578.17527167861522
4392,67,42582.160140991211,635.55462897001803
7564,68,44747.849990844727,658.05661751242246
8228,61,35356.689743041992,579.61786464003262
6384,56,37217.399997711182,664.59642853055686
8892,63,34976.299974441528,555.17936467367508
6802,67,44546.029859542847,664.86611730660968
3728,67,37771.699960708618,563.75671583147187
9725,55,34047.300052642822,619.04181913896036
4810,62,35829.460063934326,577.89451716023109
1561,8,4108.4698886871338,513.55873608589172
2423,71,45114.439821243286,644.49199744633268
7489,66,38971.719987869263,599.56492289029632
3087,60,36586.52987575531,609.77549792925515
5935,65,38061.590368270874,585.56292874262886
3018,71,45396.859817504883,648.52656882149836
7263,59,33326.040222167969,564.84813935877912
1690,17,8428.7701473236084,495.81000866609463
6908,12,7782.8899841308594,648.57416534423828
7309,62,37185.680032730103,599.76903278596944
7558,67,37755.999724388123,563.5223839460914
1653,60,34006.240367889404,566.77067279815674
9719,69,47725.469831466675,691.67347581835759
1312,54,33746.25993347168,624.93073950873486
8723,11,7193.3799896240234,653.94363542036581
1999,76,49620.970123291016,652.90750162225015
6954,73,45955.310034751892,629.52479499660126
9573,69,41169.190170288086,596.65493000417518
7249,56,31829.529865264893,568.38446187973022
1003,54,33272.010038375854,616.14833404399735
5294,6,4222.5800247192383,703.76333745320642
6768,69,43840.48993396759,635.36941933286357
1112,62,38660.070148468018,623.54951852367765
9957,77,42639.030109405518,553.7536377844873
9619,68,43369.429883956909,637.78573358760161
6127,57,32955.489945411682,578.16649027038034
1793,66,42650.639970779419,646.2218177390821
6668,20,10236.159992218018,511.80799961090088
4996,10,3998.7799530029297,399.87799530029298
9811,56,35322.080143928528,630.75143114158084
1060,69,35440.619926452637,513.63217284713971
6814,75,44376.95004940033,591.69266732533777
9224,61,35679.639903068542,584.91212955850074
7303,58,38186.890207290649,658.39465874639052
5729,62,40104.73999786377,646.85064512683505
3814,59,33551.319989204407,568.66644049498996
9665,56,54882.940805912018,980.05251439128608
5829,60,35703.690063476563,595.06150105794268
1993,53,30644.400179862976,589.31538807428797
9095,69,41174.100274085999,596.72609092878258
6439,49,27417.009947776794,559.53081526075096
6510,67,40179.559833526611,599.69492288845686
5016,65,51763.569547653198,796.36260842543379
1862,72,37052.319955825806,514.61555494202503
2858,70,41996.730138778687,599.9532876968384
3213,71,47237.169894695282,674.81671278136116
7080,77,45449.320352554321,590.25091366953666
9072,53,32425.42985534668,611.80056330842797
6582,65,39324.029945373535,604.98507608266982
6416,59,35046.949939727783,594.0161006733523
1149,51,41631.920437812805,816.31216544730989
9144,71,44810.019874572754,631.12704048694025
8883,56,33011.920249938965,589.49857589176725
3473,60,41349.760116577148,689.16266860961912
5394,13,8647.130126953125,665.16385591947119
4140,5,1564.589958190918,312.91799163818359
8809,8,6187.6399841308594,773.45499801635742
9499,44,25369.760010242462,576.58545477823782
1839,67,39645.770289421082,591.72791476747886
1790,66,40874.710045814514,619.31378857294715
4163,19,12441.209976196289,654.80052506296261
4212,12,8424.2900238037109,702.02416865030921
4544,10,6844.8600311279297,684.48600311279301
5843,64,41740.4801197052,652.19500187039375
8007,56,35952.469871520996,642.00839056287498
4189,51,32479.629817962646,636.85548662671852
9928,59,40361.160047531128,684.08745843273095
1100,46,27398.069957733154,595.61021647245991
9187,16,10113.559930801392,632.09749567508698
3336,67,42792.560077667236,638.69492653234681
2672,9,5153.2699584960938,572.58555094401038
6553,70,51020.5194272995,728.86456324713572
3971,63,37827.310037612915,600.43349266052246
7217,63,39662.200050354004,629.55873095800007
8056,46,27942.999926567078,607.45652014276254
3307,61,36628.650039672852,600.46967278152215
6135,58,36727.59010887146,633.23431222192175
4538,71,48941.809611797333,689.32126213799063
3456,61,37444.660242080688,613.84688921443751
4120,61,63175.551063537598,1035.6647715334032
7366,72,40907.559948921204,568.16055484612787
2546,65,40053.900072097778,616.21384726304279
4587,72,44567.100204467773,618.9875028398302
4710,17,10273.62003326416,604.33059019200937
9848,53,35116.200042724609,662.56981212687947
7180,79,48950.829957962036,619.63075896154476
7429,66,40123.060021400452,607.92515183940077
8852,85,56747.989497184753,667.62340584923243
2852,62,37372.96008682251,602.78967881971789
2105,58,35210.669813156128,607.08051401993328
4524,21,14816.540060997009,705.54952671414333
9350,47,27219.579854011536,579.13999689386242
6931,18,12218.470073699951,678.80389298333057
8070,67,40673.37028503418,607.06522813483855
5414,71,44585.159832000732,627.95999763381315
7037,72,48723.820022583008,676.71972253587512
6539,4,1607.9799785614014,401.99499464035034
1321,63,38714.859922409058,614.52158606998501
2403,65,37508.700176239014,577.05692578829257
2305,71,42175.62020778656,594.02281982797967
1727,62,36102.300071716309,582.29516244703723
4226,76,46686.490127563477,614.29592273109836
3977,17,8341.7599334716797,490.69176079245176
6731,2,1264.9099731445313,632.45498657226563
6253,65,46822.349628448486,720.34384043766897
3007,70,44178.970127105713,631.12814467293879
5712,52,33600.340141296387,646.1603873326228
3991,8,6556.9300537109375,819.61625671386719
1770,78,39804.9098777771,516.94688152957269
2019,77,39796.859809875488,523.64289223520382
3785,71,42110.999839782715,593.11267379975652
2660,73,50740.339855194092,695.07314870128891
9152,79,50166.109708786011,635.01404694665837
9785,59,37323.520093917847,632.60203549013295
9642,59,35108.369975566864,595.05711822994681
9393,58,32407.549976348877,558.75086166118751
8560,66,41011.269865036011,621.38287674296987
6888,3,1533.3399658203125,511.11332194010419
1870,67,36828.860080718994,549.68447881670136
8952,73,41501.810232162476,568.51794838578735
1376,54,31029.710004806519,574.62425934826888
4957,58,33768.599794387817,592.4315753401371
4364,56,36206.450096130371,646.54375171661377
9866,65,40415.85985660553,621.78245933239282
6285,64,41283.880224227905,645.06062850356102
7590,54,31132.769952774048,576.53277690322307
3723,48,30323.129863739014,631.73187216122949
5051,69,41823.420086860657,606.13652299798048
7258,12,5695.3600158691406,474.61333465576172
3082,66,39166.889961242676,593.43772668549514
4247,63,38854.219953536987,616.73365005614266
5243,58,34963.799926757813,602.82413666823811
9820,67,39829.43007850647,594.46910564935024
8231,65,37255.89019203186,573.16754141587478
3251,12,5571.1899490356445,464.26582908630371
3769,72,50758.020072937012,704.97250101301404
1138,60,33988.66999912262,576.07915252750206
8183,60,39427.320003509521,657.12200005849206
7421,63,38952.329822540283,618.29094956413144
9179,21,14799.850128173828,704.75476800827755
6548,59,35443.980072021484,600.74542494951663
5884,5,3070.4199066162109,614.08398132324214
2203,64,37278.700122833252,582.47968941926956
9774,51,31093.650032997131,609.67941241170843
4195,65,38694.719925880432,595.30338347508359
5861,59,41218.65012550354,698.62118856785662
5452,11,5516.590087890625,501.50818980823863
7141,52,36902.020048141479,709.65423169502844
5174,62,39797.489756584167,641.89499607393816
1639,71,41448.280002593994,583.7785915858309
9674,63,58208.250541687012,923.94048478868274
2495,86,51006.150239944458,593.09477023191232
6408,66,34635.109936237335,524.77439297329295
8987,43,22843.689940452576,531.24860326633893
7659,10,5534.5699348449707,553.45699348449705
8177,61,31081.359937667847,509.53049078144011
1685,72,42082.909971237183,584.48486071162756
3800,63,37508.339945793152,595.37047533005
7513,57,37183.410040378571,652.34052702418546
5005,69,44368.409871101379,643.02043291451275
3136,54,33098.530033111572,612.93574135391805
7759,54,30496.509813308716,564.75018172793921
5767,19,10921.840026855469,574.83368562397209
7095,14,7146.5600471496582,510.46857479640414
6030,58,30290.760007858276,522.25448289410826
7690,66,35569.80002784729,538.93636405829227
6362,71,42210.380277633667,594.51239827653058
3374,54,36694.609878540039,679.52981256555631
7607,64,36984.699897766113,577.88593590259552
9528,14,9280.7600708007813,662.91143362862726
9920,51,31141.439836502075,610.61646738239358
4596,52,33227.679800033569,638.99384230833789
9657,54,32611.089904785156,603.90907231083622
1407,60,33353.640026092529,555.89400043487547
9411,48,31878.899982452393,664.14374963442481
4988,60,37113.630041122437,618.560500685374
5984,56,30118.059955596924,537.82249920708796
6325,75,47084.339784622192,627.79119712829595
2332,50,25340.110012054443,506.80220024108888
3328,11,9496.1399078369141,863.28544616699219
7985,18,10663.349864006042,592.40832577811352
9906,6,3580.3700408935547,596.72834014892578
3019,61,38450.590110778809,630.33754279965262
2343,80,46365.259880065918,579.56574850082393
4347,58,30905.099893569946,532.84654988913701
7642,57,34287.240018844604,601.53052664639654
3614,58,36579.230188369751,630.67638255809914
4201,62,38493.759948730469,620.86709594726563
7450,66,41617.299927711487,630.56515041987097
6371,59,35143.989633560181,595.66084124678275
2529,13,7893.6000366210938,607.2000028170072
8784,14,7849.8899993896484,560.70642852783203
6471,80,42241.22993850708,528.01537423133846
8137,53,32987.400064468384,622.4037748012903
8340,69,41688.909845352173,604.18709920800245
9471,70,44075.730060577393,629.653286579677
2481,56,33044.550117492676,590.0812520980835
6465,68,40987.06010723114,611.74716577956929
1499,55,31070.930122375488,564.92600222500892
5237,52,33387.949723243713,642.07595621622522
6909,68,39611.710018157959,582.52514732585234
9714,57,43614.859970092773,765.17298193145211
6222,67,44809.339923858643,668.79611826654696
9173,64,46646.850076675415,728.85703244805336
1107,69,43864.090114593506,635.71145093613779
8632,50,38117.320066452026,762.34640132904053
9024,67,38508.019912719727,574.74656586148842
9949,64,36073.640070438385,563.65062610059977
5609,14,7775.4299659729004,555.38785471235008
8383,54,33707.499963760376,624.21296229185884
1885,61,40122.780006408691,657.7504919083392
6485,72,41490.820100784302,584.37774789837044
4164,79,51286.930263519287,649.20164890530748
3239,63,38529.410179138184,611.57793935139978
2833,20,13174.980007171631,658.7490003585815
7579,2,1614.1100158691406,807.05500793457031
7224,73,45777.259889602661,627.08575191236525
8835,61,33968.579853057861,556.86196480422723
1101,65,36068.920017242432,554.90646180372971
5515,12,8952.8400726318359,746.07000605265296
6179,54,37113.320018768311,687.28370405126498
9525,51,28807.940095901489,564.86157050787233
4705,5,2221.3499989509583,444.26999979019166
7344,65,42581.060443878174,655.09323759812571
9502,62,35165.280090332031,567.18193694083925
6846,52,29355.680163383484,564.53231083429773
5131,54,33801.240057945251,625.94888996194913
8008,6,2505.4200057983398,417.57000096638996
3998,56,35563.999942779541,635.07142754963468
8151,47,29753.62006187439,633.05574599732745
5913,62,40003.369981765747,645.21564486718944
1416,58,36398.999992370605,627.56896538570004
1908,57,31253.809795379639,548.31245255051999
1834,68,42883,630.63235294117646
2077,25,14093.570110321045,563.74280441284179
6677,69,39376.500059127808,570.67391390040302
9259,60,36941.519870758057,615.69199784596765
9972,71,45437.339975357056,639.96253486418391
4021,50,27155.410079956055,543.10820159912112
6789,61,37344.129958152771,612.19885177299625
1038,63,33802.98007106781,536.5552392232986
9445,66,45249.200119018555,685.59394119725084
6777,72,40062.569960594177,556.42458278603021
9053,62,35784.509883880615,577.169514256139
9551,74,43119.309825897217,582.69337602563803
1430,13,8750.3099012374878,673.10076163365295
7381,55,33531.710227012634,609.66745867295697
6883,64,37343.500030517578,583.49218797683716
7879,70,42171.950019836426,602.45642885480606
8661,75,40619.819984436035,541.59759979248042
2910,60,40240.460292816162,670.67433821360271
5415,77,44504.180028438568,577.9763640056957
1665,66,36062.619913101196,546.40333201668477
1336,16,10493.420095443726,655.83875596523285
1324,5,3289.5599060058594,657.9119812011719
1728,69,43956.149997711182,637.04565214074171
8306,58,34787.159861564636,599.77861830283859
7630,62,35784.180084228516,577.16419490691158
5060,60,38019.129991531372,633.65216652552283
9929,2,1029.9199829101563,514.95999145507813
4035,15,9442.1100769042969,629.4740051269531
8114,74,44266.789978027344,606.39438326064851
6448,54,34414.849716186523,637.31203178123189
1373,60,30200.699951171875,503.34499918619792
6348,65,38803.15985250473,596.97169003853435
1522,66,39915.090025901794,604.77409130154228
8506,68,40030.639965057373,588.685881839079
2512,57,38026.210097312927,667.12649293531456
4819,74,41298.999856948853,558.09459266147098
9494,74,45543.799934387207,615.45675587009737
1330,66,39309.710229873657,595.60167014960086
1822,70,46774.850067138672,668.21214381626669
8655,68,41542.779906272888,610.92323391577781
6640,58,34082.899874687195,587.6362047359861
2263,64,38566.609975814819,602.60328087210655
7722,57,55057.660930633545,965.92387597602715
5526,68,39542.789985656738,590.19089530830956
1874,64,39885.99995803833,623.21874934434891
1542,20,10897.510050773621,544.87550253868108
1210,15,11773.550262451172,784.90335083007813
9036,19,14881.059942245483,783.21368117081488
8088,62,41068.119912147522,662.38903084108904
4885,65,36718.009929656982,564.89246045626123
3225,65,37185.800164222717,572.08923329573406
4768,57,36394.469848632813,638.49947102864587
4104,54,32236.850246429443,596.97870826721191
9084,48,27129.150131225586,577.21596023884229
3557,66,42394.740197181702,642.34454844214702
6545,49,42522.3801612854,867.80367676092658
6096,67,41831.000285625458,624.34328784515606
3488,55,31496.280219078064,572.65964034687386
2492,15,8961.4099807739258,597.42733205159504
1164,49,27972.470071792603,570.86673615903271
1496,59,36025.559945106506,610.60271093400854
7138,50,30863.300210952759,617.26600421905516
2847,79,49183.799942016602,622.57974610147596
3843,59,32268.959946632385,546.93152451919298
9794,71,41965.260094642639,591.06000133299494
1519,48,27635.070137023926,575.73062785466516
9130,65,44135.920017242432,679.01415411142204
4290,53,28648.349999427795,540.53490564958099
6952,70,47851.139961242676,683.5877137320382
1711,69,45147.729965209961,654.31492703202844
8303,56,35687.959872245789,637.28499771867484
2469,59,49549.550082206726,839.82288274926657
8297,67,40470.210084915161,604.03298634201735
5641,18,10064.93000793457,559.16277821858728
1018,51,31840.850284576416,624.33039773679252
9508,58,31502.349935531616,543.1439644057175
3680,57,34644.039933204651,607.79017426674829
5672,10,6057.2400360107422,605.72400360107417
4908,76,44046.350090026855,579.5572380266691
7069,52,32882.490123748779,632.35557930286109
2916,60,38682.549879074097,644.70916465123491
4413,64,33763.559864044189,527.55562287569046
1490,47,29385.320155143738,625.2195777690157
7662,62,40164.789608001709,647.81918722583407
6236,76,51863.80016708374,682.4184232511019
7587,69,36142.99990272522,523.81159279311908
1636,57,38388.150142192841,673.47631828408487
2177,58,37257.099906921387,642.36379149864456
1204,65,41110.970000267029,632.47646154256972
3611,68,43712.550091743469,642.83161899622746
4204,51,27323.880012512207,535.76235318651391
3872,70,42428.330067634583,606.11900096620832
3279,62,43356.030048370361,699.29080723178004
7441,9,4993.629997253418,554.84777747260205
2532,7,2797.8399353027344,399.69141932896207
1596,71,44395.569894790649,625.28971682803729
5426,62,38835.980133056641,626.38677633962322
4215,80,47807.829828262329,597.59787285327911
9717,62,38480.309907913208,620.65015980505177
7098,52,31090.289916992188,597.89019071138819
8721,46,28543.309997558594,620.50673907736075
2578,61,35481.369861602783,581.66180100988174
2329,54,29149.630046844482,539.80796383045333
6906,69,45782.709991455078,663.51753610804462
4653,53,34805.999866485596,656.7169786129358
7407,53,32664.200065612793,616.30566161533568
9660,8,4547.9999961853027,568.49999952316284
3720,64,33795.210000514984,528.05015625804663
6265,74,48295.850149154663,652.64662363722516
9917,67,39930.299700737,595.97462239905974
7015,58,35584.16983795166,613.52016961985623
8343,70,40687.509861946106,581.25014088494436
8921,59,35127.650091171265,595.38389985036042
4052,53,31042.899971008301,585.71509379260942
2724,54,31460.419860839844,582.60036779333041
5380,4,2194.9900360107422,548.74750900268555
4693,62,40917.969791412354,659.96725470019931
2043,65,37934.649906158447,583.60999855628381
8286,50,54057.46049118042,1081.1492098236083
3709,62,41157.669790267944,674.71589820111387
3365,58,32847.939945220947,566.34379215898184
8535,49,31141.16996383667,635.53408089462596
3371,14,12742.000030517578,910.1428593226841
7948,42,22541.989932060242,536.71404600143433
1350,56,37060.209978103638,661.78946389470786
6514,68,42443.839762210846,624.17411415015954
8973,13,9057.049934387207,696.69614879901587
4645,69,44151.229740142822,639.87289478467858
9176,8,3999.699951171875,499.96249389648438
4991,53,25259.720111846924,476.59849267635707
9909,76,45796.869606971741,602.59038956541769
1502,57,34683.219923019409,608.47754250911248
5240,16,9069.6599864959717,566.85374915599823
2830,17,8840.0398979187012,520.00234693639413
2386,85,53050.999653816223,624.12940769195552
8681,57,31012.889961242676,544.08578879373113
3271,69,40991.469985961914,594.07927515886831
2976,65,50638.090272903442,779.04754266005295
4845,52,31626.319900512695,608.19845962524414
4945,62,39620.280099868774,639.03677580433509
7198,77,46732.68018913269,606.91792453419077
4779,73,45209.880104064941,627.91500144534643
9356,72,44113.080299377441,612.68167082468665
9854,64,38581.29020690918,602.83265948295593
5704,69,47582.110294342041,689.59580136727595
5206,50,31045.099717140198,620.90199434280396
2217,68,35884.950029373169,527.71985337313481
7055,73,39708.489928245544,543.95191682528139
9760,67,41195.920045852661,614.86447829630833
3926,68,34497.810152053833,507.32073753020342
5561,54,27563.460186004639,510.43444788897477
7221,59,32264.520206451416,546.85627468561722
8764,64,36180.019987106323,565.3128122985363
9428,64,36984.810026168823,577.88765665888786
8266,68,42864.770122528076,630.36426650776582
1270,56,28514.239992618561,509.18285701104571
5157,57,32950.200161457062,578.07368704310636
2738,18,11293.539867401123,627.41888152228466
4828,57,44094.870368003845,773.59421698252356
3903,66,40981.689968109131,620.93469648650193
1247,56,33583.290177345276,599.70161030973702
8074,54,31551.990043640137,584.29611191926176
4187,62,35389.490169525146,570.79822854072813
6892,72,44856.460010528564,623.0063890351189
4802,66,38816.669981956482,588.13136336297703
1888,59,34924.549797058105,591.94152198403572
2146,52,34078.689926147461,655.35942165668189
4118,68,46465.019967079163,683.30911716292883
3454,57,33179.299825668335,582.0929793976901
6039,64,38552.700200080872,602.38594062626362
5369,70,42425.390043258667,606.07700061798096
9946,63,41997.130149841309,666.62111348954454
3946,62,33995.059947013855,548.30741850022343
7533,69,42338.829936981201,613.60623097074199
4467,70,40842.130158424377,583.45900226320543
6010,58,33913.540102005005,584.7162086552587
9803,70,40557.470050811768,579.39242929731097
6674,67,36894.109987258911,550.65835801878973
3305,64,37412.629928588867,584.57234263420105
3969,78,45653.789833068848,585.30499785985705
6631,54,30318.679940223694,561.4570359300684
7172,19,10334.510040283203,543.92158106753698
6182,85,53347.339904785156,627.61576358570767
8744,66,43462.420051574707,658.52151593295014
1905,65,37967.950016021729,584.12230793879587
2744,72,43781.560081481934,608.07722335391577
3334,9,4596.2400178909302,510.69333532121448
4144,68,41867.890029907227,615.70426514569454
7390,3,2093.1099853515625,697.70332845052087
5947,70,47814.87003326416,683.06957190377375
6943,67,42364.119901657104,632.30029703965829
7619,68,48225.829886436462,709.20338068288913
7370,53,33073.459854125977,624.02754441747129
4287,19,10458.770011901855,550.46157957378182
4928,58,35964.679780006409,620.08068586217951
6588,53,36914.140048980713,696.49320847133424
7762,53,31309.580212593079,590.74679646402035
8223,53,27271.270195007324,514.55226783032685
6551,63,38527.629940032959,611.54968158782469
2993,71,44523.690183639526,627.09422793858482
1668,56,32862.089803695679,586.82303220885137
9648,54,29412.479761123657,544.67555113191963
6743,64,38466.109843254089,601.03296630084515
9399,10,9005.3600463867188,900.5360046386719
7321,8,5128.9500427246094,641.11875534057617
7925,61,34776.5900349617,570.10803336002789
9044,73,45196.190021514893,619.12589070568345
4716,72,67800.280361175537,941.67056057188245
3597,64,38774.280106544495,605.84812666475773
9585,51,30579.710147857666,599.602159761915
9007,21,13648.43000793457,649.92523847307473
1035,65,40455.280006408691,622.38892317551836
9691,52,25606.250036239624,492.42788531230048
7278,69,42033.539986133575,609.18173892947209
7284,56,35939.660022735596,641.77964326313565
1184,76,46597.490030288696,613.12486881958807
2807,68,43191.610157012939,635.17073760313144
4479,67,38430.74008846283,582.28394073428535
7178,61,38524.690116882324,631.55229699807091
8807,53,30211.589829444885,570.02999678197898
2409,69,38960.629814147949,564.64680890069496
3491,66,40465.329929351807,613.11105953563344
2166,76,42085.579920768738,568.72405298336128
6886,66,37152.670330047607,562.91924742496371
9099,65,39991.959963798523,615.26092251997727
6296,60,35642.019752502441,594.03366254170737
6394,59,36815.039916992188,623.98372740664729
5755,8,4687.9900512695313,585.99875640869141
4886,56,34234.410026550293,611.32875047411233
6546,50,27301.83012008667,546.03660240173338
3629,63,39328.269979476929,624.2582536424909
8467,55,29593.059991836548,538.05563621520992
7803,54,36273.030151367188,671.72278058087386
9440,69,50068.569671630859,725.63144451638925
7565,65,38133.39995765686,586.66769165625942
6784,14,8217.5600357055664,586.96857397896906
9108,59,38356.889893531799,650.11677785647123
6569,14,7193.7899723052979,513.84214087894986
7233,15,11582.540298461914,772.16935323079429
1090,77,45387.460132598877,589.44753418959579
2184,75,43519.260181427002,580.25680241902671
5504,66,38688.880139350891,586.19515362652862
6500,64,33655.680031776428,525.87000049650669
9177,68,40884.919998168945,610.22268653983497
1422,57,35530.510200023651,623.34228421094122
4840,14,10819.639999389648,772.83142852783203
4863,72,43877.419948577881,609.40861039691504
8822,76,47019.799944877625,618.68157822207399
5195,64,36426.120025634766,569.15812540054321
1445,7,4418.6098937988281,631.22998482840399
6383,56,39507.530084609985,705.49160865374972
9626,63,37470.569805145264,594.77094928802001
3057,73,47758.100017547607,654.22054818558365
7657,55,33944.299970626831,617.16909037503331
5032,85,51419.479695796967,612.136663045202
3483,52,31768.260147094727,610.92807975182166
5813,62,36918.399929046631,595.45806337171985
4362,23,11072.160034179688,481.39826235563856
7024,15,7452.079963684082,496.80533091227215
3506,69,42079.59001159668,609.84913060285044
3752,61,34969.309993743896,573.2673769466212
8252,70,43026.250298500061,614.66071855000087
5003,59,34194.479944229126,579.56745668184965
4932,2,1664.6099853515625,832.30499267578125
2865,79,48002.509962081909,615.41679438566553
9726,68,39474.020198822021,580.50029704150029
2201,17,12009.540054321289,706.44353260713467
8939,11,6870.3300018310547,624.57545471191406
1560,63,34638.280055999756,549.81396914285324
1311,71,44519.020053863525,627.02845146286654
2295,55,35799.44026184082,650.89891385165129
9563,62,33396.889930725098,538.65951501169513
2247,64,36796.34008026123,574.94281375408173
3612,51,31541.540124893188,618.46157107633701
5782,12,4797.0899848937988,399.7574987411499
8427,60,37057.229831695557,617.62049719492597
2934,64,43451.17992401123,678.92468631267548
9918,63,35828.599915981293,568.70793517430627
8083,19,10034.029987335205,528.10684143869503
7408,13,8223.7698974609375,632.59768442007214
1654,68,37839.719916343689,556.46646935799538
1359,62,34824.420039176941,561.68419418027327
7064,53,34501.440185546875,650.97056953862034
9277,65,41156.200385093689,633.17231361682593
8933,59,34538.520055770874,585.39864501306567
7396,70,39857.029747962952,569.38613925661355
3621,71,43491.119770050049,612.55098267676124
3658,16,8643.6700057983398,540.22937536239624
6277,68,41493.870040893555,610.20397118961114
7605,13,7867.8699760437012,605.22076738797705
6964,58,33348.559764862061,574.97516835969066
5043,61,39003.909856796265,639.40835830813546
1059,13,7449.7399139404297,573.05691645695617
2387,65,34554.990043640137,531.61523144061744
6715,52,30613.100011825562,588.71346176587622
9964,56,37931.560079574585,677.3492871352604
8684,62,33559.550230979919,541.28306824161166
3815,80,46521.609882354736,588.88113775132581
3366,73,44342.759847640991,607.43506640604096
7989,63,38589.129929542542,612.52587189750068
9323,19,11798.370010375977,620.96684265136719
6417,45,25351.159915924072,563.3591092427572
4253,56,34129.46978187561,609.45481753349304
9912,51,29658.690017700195,581.54294152353327
7502,54,34816.109836578369,644.74277475145129
2238,65,40587.500072479248,624.42307803814231
8484,62,37836.070020675659,610.25919388186549
9271,66,40236.490028381348,609.64378830880833
7943,71,41763.779654026031,588.22224864825398
3641,56,29576.779986381531,528.15678547109871
5799,71,46963.000099182129,661.45070562228352
3214,57,34302.459882736206,601.79754180238956
9878,60,37394.440328598022,623.24067214330034
8218,63,36008.869923591614,571.56936386653354
5301,58,37239.480023384094,642.06000040317406
4803,4,1328.5699768066406,332.14249420166016
5278,57,34748.200158119202,620.5035742521286
3237,20,12207.320148468018,610.3660074234009
6844,61,37154.970002174377,609.09786888810459
2931,52,32008.23005771637,615.54288572531482
3927,64,39355.37006187439,614.92765721678734
5919,65,35978.80010509491,553.52000161684475
2504,61,38654.669715881348,633.68311009641559
7840,56,31834.509948253632,568.47339193310052
8169,70,46906.719955444336,670.09599936349048
4090,60,38471.559862136841,641.19266436894736
8504,68,39102.670127868652,575.03926658630371
6583,69,41369.700029373169,608.37794160842896
9904,43,23126.099914550781,537.81627708257633
1248,60,35292.540119171143,588.20900198618574
1789,52,32224.919885635376,619.7099978006803
1150,68,48796.540171146393,717.59617898744693
6867,68,36312.459993362427,541.97701482630487
1385,66,37732.569954872131,571.70560537685049
4711,52,31020.530078887939,596.54865536322961
9288,65,42729.760338783264,667.6525052934885
3970,74,45827.84974861145,619.29526687312773
5321,70,47301.610237121582,675.73728910173691
4688,58,30254.600267887115,521.63103910150198
2198,69,35593.569988250732,523.43485276839317
8690,56,33264.599884033203,594.01071221487859
6483,82,53230.749700546265,649.15548415300327
6011,63,42858.679840087891,680.29650539822046
1932,62,36225.519863128662,584.2825784375591
6752,82,58776.000014305115,716.7804879793307
9998,57,48539.639894485474,851.5726297278153
9257,21,13249.909866333008,630.94808887300042
3257,54,30930.989945411682,572.79611010021631
1342,8,3389.4999847412109,423.68749809265137
6111,70,41897.100034713745,607.20434832918477
9898,68,42087.239700317383,618.92999559290274
9308,72,44369.169990539551,616.23847209082714
3137,62,42828.759986877441,690.78645140124911
9635,22,16059.919998168945,729.99636355313385
5556,72,44486.420091629028,617.86694571706983
9884,19,12033.92006111145,633.36421374270788
1477,59,35313.510161399841,598.53407053220064
1726,71,37277.41997718811,532.53457110268732
6895,65,34926.730063915253,537.33430867561924
3741,83,48756.540027618408,587.42819310383629
9600,50,27518.789880752563,550.37579761505128
4774,60,37661.850292205811,627.69750487009685
7073,66,39441.039905548096,597.59151372042572
8604,67,35484.100135803223,529.61343486273472
9729,10,5906.8300018310547,590.68300018310549
8567,3,1831.2599868774414,610.41999562581384
8996,14,9211.6100158691406,657.97214399065285
7677,60,40426.509590148926,673.77515983581543
9586,79,48069.190082550049,616.27166772500061
2012,66,37381.559909820557,566.38727136091757
3337,45,24097.939826965332,535.50977393256289
9351,3,1913.3900451660156,637.79668172200525
2808,56,37773.659986495972,674.52964261599948
7628,67,38048.920110702515,567.89433001048531
7379,53,30738.549951553345,579.97264059534609
2559,1,1111.47998046875,1111.47998046875
3194,67,39319.129835128784,586.85268410639981
2161,58,34170.279845237732,589.14275595237473
6987,52,32191.279922485352,619.06307543241064
9692,59,38799.260053634644,657.61457718024815
6097,78,46695.329780578613,598.65807410998218
9002,68,50221.329967498779,738.54897011027617
1920,8,3994.5299873352051,499.31624841690063
5507,73,43556.060176849365,604.94528023401892
3002,65,43020.999887466431,661.86153673025274
4182,74,46920.580167770386,634.06189415905931
1428,62,34859.18995475769,562.24499927028535
8902,64,40263.330332756042,629.11453644931316
9443,57,36550.05033493042,641.22895324439332
8312,55,31333.810125350952,569.70563864274459
9935,64,43116.1201171875,673.68937683105469
3443,72,49658.430034637451,699.41450753010497
9984,49,32805.299976348877,669.49591788467092
3492,66,43688.219793319702,661.94272414120758
9961,67,39651.590030670166,591.81477657716664
1803,65,37010.680023670197,578.29187536984682
6048,59,38376.150211334229,650.44322392091908
1139,43,35065.510272979736,815.47698309255202
2135,73,44901.520156860352,623.63222440083825
5384,66,38086.499910354614,577.06818045991838
7044,11,8372.1299743652344,761.102724942294
6403,60,35318.780132293701,588.6463355382283
6071,62,35281.259832382202,569.05257794164845
7946,81,54366.7399559021,671.19432044323582
8063,63,39258.8503074646,623.15635408673973
8942,58,36446.700246810913,628.39138356570538
6094,56,30665.800159454346,547.60357427597046
9082,66,39566.200244903564,599.48788249853885
5169,50,35294.869694709778,705.8973938941956
3177,62,38162.269718170166,615.52047932532525
9251,58,48056.570078849792,828.56155308361713
1185,65,40567.730011940002,624.11892326061547
8086,66,34217.700157165527,518.45000238129592
6426,58,34402.900104522705,593.15345007797771
4837,17,10046.740074157715,590.98471024457149
7259,14,8228.9499664306641,587.78214045933316
6595,6,3931.6199645996094,655.26999409993493
8564,67,37776.719915390015,563.83164052820916
4150,60,34645.570007324219,577.42616678873696
9228,64,34454.429755687714,538.35046493262053
8896,68,39663.530271530151,583.28720987544341
3486,70,41653.200046539307,595.04571495056155
7445,45,26030.880058288574,578.46400129530161
6781,65,36759.479810714722,565.53045862638032
8109,65,36410.019940376282,560.15415292886587
3818,67,40717.409969329834,607.7225368556692
4814,65,42512.200017929077,654.03384642967808
5576,21,12440.099960327148,592.38571239653083
1494,48,27438.879733085632,571.64332777261734
1640,54,35329.140144348145,654.24333600644707
4557,78,50654.520335197449,649.41692737432629
7539,65,37927.330137252808,583.49738672696628
4296,73,47180.989959716797,646.31493095502458
9205,10,5742.9799499511719,574.29799499511716
5198,75,45780.259905815125,610.40346541086831
4983,51,31507.219944000244,617.78862635294593
3532,57,35015.880029678345,614.31368473119903
7190,53,33126.16012096405,625.02188907479342
3649,2,2084.4700927734375,1042.2350463867188
6998,65,63879.909235954285,982.7678343992967
1757,73,46941.280029296875,643.03123327803939
9752,60,37017.040069580078,627.40745880644204
2421,69,39119.589819908142,566.95057710011804
7585,58,36440.119976043701,628.27793062144315
5006,70,36512.80978012085,529.17115623363554
3678,70,44957.689924240112,642.25271320343018
8424,75,47386.800047874451,631.82400063832597
8178,64,40836.759855270386,638.07437273859978
3578,60,32000.60015296936,533.34333588282266
5029,15,9978.8201293945313,665.25467529296873
6898,2,1267.3800506591797,633.69002532958984
3801,62,37023.260062217712,597.14935584222121
9967,66,39832.209864616394,603.51833128206658
1394,62,40544.649841785431,653.94596519008758
9955,18,12278.949970245361,682.16388723585339
3469,70,40886.839939117432,584.09771341596331
2722,63,35923.100045204163,570.20793722546284
1216,62,40336.799997329712,650.59354834402757
5971,4,751.14999389648438,187.78749847412109
6457,1,199.38999938964844,199.38999938964844
9280,68,40210.910071849823,591.33691282132088
1903,62,36768.809776306152,602.76737338206806
5733,64,42554.639671325684,664.91624486446381
6280,1,996.9000244140625,996.9000244140625
8341,70,41099.830107688904,587.14043010984153
3918,64,42037.220090866089,656.83156391978264
1016,57,38939.919805526733,683.1564878162585
1594,75,48987.629854679108,653.16839806238806
3423,61,39647.970151424408,649.96672379384279
7013,10,7782.7999572753906,778.27999572753902
4605,69,37031.580101013184,536.68956668135047
3068,78,44439.229964256287,569.73371749046521
9314,59,35541.290050506592,602.39474661875579
8982,70,41767.600058078766,596.68000082969661
5687,59,35807.970149993896,606.91474830498134
7986,59,39650.510122299194,672.04254444574906
2035,72,42819.61003112793,594.71680598788794
2630,61,31392.30001449585,514.62786909009594
1889,65,50484.770071029663,776.68877032353328
6466,57,41279.850260734558,724.20789931113256
2381,60,40485.950050354004,674.76583417256677
3223,69,40475.279880523682,586.59825913802433
1202,67,40318.380409240723,601.76687177971223
3661,57,34264.409986495972,601.1299997630872
4202,58,35996.010051727295,620.62086296081543
3858,59,31503.019979476929,533.94949117757506
3317,53,34766.699929237366,655.97547036296919
7153,59,32664.439962387085,553.63457563367945
8481,53,38359.31018447876,723.76056951846715
9520,56,50731.050163269043,905.9116100583758
1843,63,39710.669939994812,630.32809428563189
4010,9,4085.6999320983887,453.96665912204321
3171,1,348.79998779296875,348.79998779296875
1697,60,37619.539813995361,626.99233023325598
7886,61,39034.419986724854,639.90852437253864
4542,69,39382.409869194031,570.75956332165265
2052,70,37566.39028263092,536.66271832329892
5467,16,10464.870002746582,654.05437517166138
3546,6,4267.2300109863281,711.20500183105469
7768,71,49381.120035171509,695.50873288973958
4067,63,33588.599843978882,533.15237847585524
1245,68,43776.030138015747,643.76514908846684
3901,53,33829.069894790649,638.28433763755947
1743,57,27812.369911193848,487.93631423147099
1837,51,31154.379962921143,610.87019535139495
5181,57,32065.190216064453,562.54719677306059
9758,59,35854.650026321411,607.70593264951549
3191,67,43520.069915771484,649.55328232494753
8527,66,34215.210130691528,518.41227470744741
2527,83,51084.31995010376,615.47373433859957
8146,74,43778.490193367004,591.60121882928388
4236,57,38233.489883422852,670.76298041092718
8478,76,49082.309989929199,645.81986828854212
5304,70,44316.600173950195,633.09428819928848
9377,56,30838.269947528839,550.68339192015787
2642,42,24260.250028610229,577.62500068119596
1219,80,46525.240203857422,581.56550254821775
5298,54,28859.990112304688,534.44426133897571
9383,56,32696.169983863831,583.86017828328272
9454,52,29705.099977493286,571.25192264410168
8713,5,1986.9499969482422,397.38999938964844
6655,54,32496.890195846558,601.79426288604736
9526,81,42333.429853439331,522.634936462214
1196,58,35229.429866790771,607.4039632205305
1319,13,8337.4198989868164,641.33999222975513
6749,65,38529.490085601807,592.76138593233554
4514,79,44305.979890823364,560.83518849143502
9260,75,49072.560150146484,654.30080200195312
7339,53,35402.719932556152,667.97584778407838
3503,59,32453.379856109619,550.05728569677319
6506,16,14814.999794006348,925.93748712539673
6088,1,267.77999877929688,267.77999877929688
5447,60,39027.430083274841,650.45716805458073
5988,72,42398.889889717102,588.87347069051532
8521,67,39471.900039672852,589.13283641302769
7980,59,36163.509751319885,612.94084324270989
5865,74,42178.229766368866,569.97607792390363
7488,60,37098.059953689575,618.30099922815964
6386,72,42764.040027618408,593.94500038358899
4714,57,37897.599928855896,664.87017419045435
7382,72,48128.940379142761,668.45750526587165
5212,65,41456.229873657227,637.78815190241892
9789,70,43127.629749298096,616.10899641854428
9042,10,4350.1800394058228,435.01800394058228
9895,63,38671.019913196564,613.82571290788201
2899,75,43995.679958343506,586.60906611124676
4763,60,43146.280044555664,719.10466740926108
9005,56,35484.749774932861,633.65624598094394
8258,56,36139.660106658936,645.35107333319525
6337,57,36822.099842071533,646.00175161529
6586,68,44993.230052947998,671.54074705892538
7027,7,2564.2300567626953,366.31857953752791
8650,64,39511.699934482574,617.37031147629023
3744,59,36747.259893417358,622.83491344775189
4322,12,4829.6299676895142,402.46916397412616
8601,3,2246.5900268554688,748.86334228515625
6051,60,36082.16010093689,601.36933501561487
8215,66,37546.210215568542,568.88197296315968
1966,63,37566.079967498779,605.90451560481904
4628,3,1527.8500213623047,509.28334045410156
9489,59,35411.929884910583,610.55051525707904
5659,72,43488.799884796143,604.0111095110575
6200,79,45265.800151824951,580.33077117724292
2358,68,38588.330129623413,567.47544308269721
9987,71,37491.249876499176,528.04577290843906
8166,51,29527.199998855591,578.96470585991358
6002,59,35480.029983520508,601.35644039865269
2756,56,37481.990203857422,669.32125364031106
3838,61,39081.980056762695,640.68819765184742
7917,69,38956.7998046875,564.59130151721013
7674,60,37506.550136566162,625.10916894276932
8999,13,8458.0500040054321,650.61923107734094
8656,64,37681.09011554718,598.11254151662195
6984,65,40412.670085906982,621.73338593703045
2164,62,37312.469911575317,601.81403083186001
4230,77,62575.409199714661,812.66765194434629
5902,70,46301.030237197876,661.44328910282684
