Cliente_ID,Total_Transacoes_2024,Total_Valor_2024,Media_Valor_2024
9415,45,26763.539989471436,594.74533309936521
1589,39,20318.630002975464,520.99051289680676
6830,29,17226.979932785034,594.03379078569083
2917,51,31808.039991378784,623.68705865448601
8087,47,29179.690166473389,620.84447162709341
7755,46,46513.270484924316,1011.1580540200938
8419,15,9758.4199523925781,650.56133015950525
7423,46,26832.149934768677,596.26999855041504
7494,44,28159.179683685303,639.9813564473933
6498,48,24798.299993515015,516.63124986489618
4838,14,7617.5599517822266,544.11142512730191
8181,48,31424.679960250854,654.68083250522614
9060,47,28910.869810581207,628.49716979524362
1234,44,26133.770011901855,593.94931845231486
5857,15,7529.6100463867188,501.9740030924479
7068,50,25319.95025062561,506.39900501251219
6189,42,27032.900073051453,643.64047792979648
1875,58,39045.469917297363,673.19775719478207
1211,56,32518.529899597168,580.68803392137795
9461,52,28432.999685287476,546.78845548629761
9129,12,7001.2799639701843,583.43999699751532
2061,41,23263.589878082275,567.40463117273839
1729,48,25466.009949684143,530.54187395175302
9438,49,32102.919948577881,655.16163160363021
1188,50,35785.22974395752,715.70459487915036
7139,8,4630.2699432373047,578.78374290466309
5001,48,27036.160163879395,563.25333674748742
2084,54,30135.410238265991,558.06315256048129
2345,49,33607.010012149811,685.85734718673086
1094,7,4752.1300201416016,678.87571716308594
3650,47,28600.899923324585,608.52978560265069
9607,49,27919.12007522583,569.77796071889452
2322,58,35973.930107116699,620.24017426063278
5101,61,38475.599967956543,630.747540458304
5648,47,31176.869808197021,663.3376554935536
7640,15,9263.8301010131836,617.58867340087886
4291,43,26657.06007194519,619.93162958012067
3458,39,24023.630123138428,615.99051597790844
3040,56,32671.350003242493,583.41696434361597
6876,8,5428.1099853515625,678.51374816894531
6381,50,34730.689994812012,694.61379989624027
8868,7,4336.3999824523926,619.48571177891324
3604,58,28046.939964294434,483.56793041886954
4268,50,23493.110046386719,469.86220092773436
2940,44,29417.979904174805,668.59045236760915
1071,43,28854.639736175537,671.0381333994311
2399,49,29041.920119762421,592.69224734209024
8227,49,31921.679943084717,651.46285598132079
5571,48,30928.930009841919,644.35270853837335
1844,48,30032.440010070801,625.67583354314172
9824,55,30212.580122947693,549.31963859904897
1263,50,31551.659881591797,631.03319763183595
8828,65,59455.180055618286,914.69507777874287
4251,15,10567.429988861084,754.81642777579168
2685,66,38580.079999923706,584.54666666551066
7062,38,24429.590019226074,642.88394787437039
3564,52,33503.789966583252,656.93705816829902
1357,48,29148.920032501221,607.26916734377539
1689,45,31428.709903717041,698.41577563815645
9183,47,25731.969757080078,547.48871823574632
8734,11,5288.1099700927734,480.73727000843394
5734,2,1137.3200073242188,568.66000366210938
2625,52,35393.739893436432,680.64884410454681
5542,60,30877.809917449951,523.35271046525338
6621,58,32660.510103225708,563.11224315906395
4297,33,22488.419921875,681.4672703598485
7703,18,12669.480163574219,703.86000908745655
4214,8,4223.7300224304199,527.96625280380249
6707,2,1231.5700378417969,615.78501892089844
9561,60,33480.239817619324,558.00399696032207
3278,39,21029.159898757935,539.20922817328039
5934,42,25083.409852027893,597.22404409590217
1606,49,36035.65013885498,735.42143140520363
2090,43,27503.899991989136,639.62558120904964
3418,37,23940.380016326904,647.03729773856503
9169,60,41221.850004196167,687.03083340326941
1011,56,35306.370141983032,630.4708953925541
4995,35,22451.37986946106,641.46799627031601
7995,30,18312.530113220215,610.41767044067387
8333,48,28935.549822807312,602.823954641819
4005,4,1401.3500099182129,350.33750247955322
5439,58,34791.949712753296,599.86120194402235
1111,39,26876.610000610352,689.14384616949621
4308,49,28849.200029373169,601.02500061194098
7941,61,36125.000165939331,592.2131174744153
2777,40,21493.930018424988,537.34825046062474
2144,46,26366.029941558838,585.91177647908523
1652,36,24301.790019989014,675.04972277747265
7646,46,31572.360404968262,686.35566097757089
5433,8,5324.8400421142578,665.60500526428223
5980,5,2828.6099853515625,565.72199707031245
2439,2,1574.300048828125,787.1500244140625
7208,55,29635.209872245789,538.82199767719612
2385,43,26091.830034255981,606.7867449826972
8041,51,28573.119985580444,560.25725461922445
5631,53,31121.690201759338,587.2017019199875
4798,33,16249.859919548035,492.41999756206167
3959,44,28867.780227661133,656.08591426502574
9567,41,27602.429937362671,673.22999847226026
1698,40,26314.569931030273,657.86424827575684
9223,45,26922.290041923523,598.27311204274497
3813,51,30623.210246086121,600.45510286443368
5239,51,31463.429889678955,616.92999783684229
1157,38,20735.079953670502,545.65999878080265
4354,14,7733.3499870300293,552.38214193071633
9000,57,33654.200050354004,590.42456228691231
8336,14,6520.5199317932129,465.75142369951521
3427,43,47878.170016288757,1113.4458143322968
9498,3,843.89002990722656,281.29667663574219
3521,56,32329.320192337036,577.30928914887568
9355,53,34272.450126647949,646.65000238958396
2906,46,32454.129974365234,705.52456466011381
4068,9,3808.3000173568726,423.14444637298584
6724,13,7599.2600708007813,584.55846698467553
6203,58,32619.0700340271,562.39775920736383
3547,42,27182.770008087158,662.99439044115024
8453,54,47469.029211044312,879.05609650082056
9710,52,29213.290096282959,561.79404031313379
1555,57,35661.809936523438,625.64578836006035
6793,41,23145.679847717285,564.52877677359231
4543,42,22555.41007900238,537.03357330958045
6132,42,28044.399930953979,667.72380787985662
1718,51,28207.989870071411,553.09784058963555
4801,49,28511.659923553467,581.87061068476464
5848,38,22603.539974212646,594.82999932138546
8430,39,21236.29000377655,544.52025650709106
4188,49,28803.450015068054,587.82551051159294
2479,40,22989.160068511963,574.72900171279912
4852,40,26519.330034255981,662.98325085639954
2147,56,35045.569903850555,625.81374828304558
5442,45,27904.580211639404,620.10178248087561
9733,41,24217.619869232178,590.67365534712633
4729,60,34229.079889297485,570.48466482162473
2196,52,36404.189876556396,700.0805745491615
6487,2,1240.27001953125,620.135009765625
2837,55,51647.090372085571,939.03800676519222
4758,51,28022.109847545624,549.45313426560051
5250,12,7560.3899841308594,630.03249867757165
5107,52,30902.950220584869,594.28750424201667
7265,44,26769.810176849365,608.40477674657643
9312,43,27262.720031738281,634.01674492414611
7763,44,28381.060129165649,645.02409384467387
6607,54,38049.299995422363,704.61666658189563
4466,46,47500.26945734024,1032.61455342044
3384,43,27999.9700050354,651.16209314035814
3802,46,24420.329936027527,530.87673773972881
6040,50,25662.419878005981,513.24839756011966
4045,43,27091.570025444031,630.03651221962866
5276,53,32217.990121841431,607.88660607247982
2694,39,24276.049910545349,622.46281821911157
8522,45,28957.150157928467,643.4922257317437
7440,41,24784.790142059326,604.50707663559331
5227,50,33863.439975738525,677.26879951477054
5911,50,30677.890045166016,613.5578009033203
9492,64,38261.999921798706,597.84374877810478
9504,38,25303.450057983398,665.88026468377359
1334,51,29879.439882278442,585.87137024075378
1583,51,28269.679952144623,554.30745004205141
6587,38,22621.830265045166,595.31132276434653
3255,9,4242.7000074386597,471.41111193762885
4523,37,22451.19997215271,606.7891884365597
1191,55,30868.570011138916,561.24672747525301
8900,52,33136.0299949646,637.23134605701148
5568,4,2498.6499938964844,624.66249847412109
9292,50,32544.06005859375,650.88120117187498
6289,46,27038.340171813965,587.7900037350862
3043,47,28766.059913635254,612.04382794968626
7620,54,35401.03003692627,655.57463031344946
9043,47,26024.359867095947,553.70978440629676
7632,45,31704.279830932617,704.53955179850266
4039,1,1089.27001953125,1089.27001953125
4237,47,27261.85009098053,580.03936363788364
3696,50,33799.570014953613,675.99140029907221
8565,39,18852.839967727661,483.40615301865796
7569,42,26506.839935302734,631.11523655482699
8602,41,25556.429849624634,623.32755730791791
6979,54,29141.759978294373,539.66222182026615
5307,1,254.08000183105469,254.08000183105469
1569,57,44818.380187988281,786.28737171909268
1028,42,25071.400169372559,596.93809927077518
4274,39,25591.309982299805,656.18743544358472
2602,43,38157.820234298706,887.39116823950474
4225,8,5153.170093536377,644.14626169204712
9647,13,6069.7301292419434,466.90231763399566
1918,50,29815.809816360474,596.31619632720947
3590,57,26704.760044574738,468.50456218552171
6152,42,25523.990026473999,607.71404824938088
7818,56,35546.53995513916,634.75964205605646
2316,44,28617.180000305176,650.39045455239034
8267,43,19618.850091934204,456.25232771940011
8310,36,22934.170196533203,637.06028323703345
9541,63,41477.069961547852,658.36618986583892
2216,35,20876.240238189697,596.4640068054199
7626,7,4859.72998046875,694.24714006696433
3149,45,20827.229960441589,484.3541851265486
1526,35,23677.920032501221,676.51200092860631
5313,49,31038.399908065796,633.43673281766928
1034,57,35353.21971321106,620.23192479317652
2608,56,29018.970024108887,518.19589328765869
5903,7,3141.150016784668,448.735716683524
5004,42,24663.800117492676,587.23333613077796
7257,36,24233.530029296875,673.15361192491321
8253,54,35111.76978969574,650.21795906843965
4340,42,22364.300086975098,532.483335404169
2419,49,29429.389892578125,600.59979372608416
4672,58,35843.849779129028,617.99740998498328
9913,44,24913.600109100342,566.21818429773509
3699,39,23201.959852218628,594.92204749278528
8894,51,31027.22989654541,608.377056795008
4031,49,27098.30993270874,553.02673332058657
2064,47,25854.070068359375,550.08659719913567
6902,6,4435.6300811767578,739.27168019612634
5050,45,27772.229878425598,617.16066396501333
6215,44,30340.080053329468,689.54727393930614
5453,55,33509.929908752441,609.27145288640804
1801,61,31535.830154418945,516.98082220358924
1137,54,36773.84992980957,680.99722092239949
7706,60,30851.579977989197,514.19299963315325
9867,57,35612.659980773926,624.78350843463022
3461,50,28855.850284576416,588.89490376686558
2774,43,27709.699788093567,644.41162297892015
6192,55,39772.250267028809,723.13182303688745
5737,44,23220.550097465515,527.73977494239807
7420,38,24358.309976577759,641.00815727836209
6163,64,36101.460136413574,564.0853146314621
4248,41,27026.430320739746,659.18122733511575
1586,45,29286.350004196167,650.80777787102591
5499,16,11519.299942016602,719.9562463760376
2250,16,12928.950019836426,808.05937623977661
2279,43,28096.900177001953,653.41628318609196
7443,45,31566.179908752441,701.47066463894316
2820,47,31006.80005645752,659.71915013739408
1492,44,24281.039981842041,551.84181776913726
7806,8,5217.1700134277344,652.1462516784668
4294,47,28991.370090484619,616.83766149967278
2471,54,31824.120195388794,589.3355591738665
5127,52,33380.809795379639,641.93864991114685
9704,47,29173.419769287109,620.71105892100229
9458,52,31399.650032997131,603.83942371148328
3553,56,28880.450061798096,515.72232253210882
7537,10,7409.1398773193359,740.91398773193362
1784,48,29667.889840602875,618.08103834589326
8399,53,30501.460046768188,575.49924616543751
9604,54,30239.070028305054,559.98277830194547
3653,38,20731.92005443573,545.57684353778234
8940,37,21504.439912796021,581.20107872421681
5522,51,29299.839881896973,574.50666435092103
1022,45,32075.849816322327,712.79666258494058
9907,44,25642.119915962219,582.77545263550496
9658,60,33786.299868583679,563.10499780972793
1346,36,23268.750129699707,646.35417026943628
1749,50,42265.199821472168,845.30399642944337
1097,46,26282.900074005127,571.36739291315496
5591,5,2216.1299743652344,443.22599487304689
7357,51,29202.709911346436,572.60215512443995
9564,37,16859.349981307983,455.65810760291845
3066,43,26632.670047283173,619.36441970425983
1738,44,29125.689975738525,661.9474994486028
2187,7,4546.5600433349609,649.50857761928012
4062,43,24475.710006713867,569.20255829567134
9953,47,27858.23997592926,592.72851012615445
7297,57,39260.970144271851,688.78894989950618
8293,40,26263.080123901367,656.5770030975342
2296,46,29880.839884757996,649.58347575560856
2542,45,25820.709857940674,573.79355239868164
2047,52,29852.660126686096,574.08961782088647
3561,11,7581.1198959350586,689.19271781227803
4643,50,29596.230041503906,591.92460083007813
3020,59,35672.220121383667,604.61390036243506
9074,52,29436.599975585938,566.08846106896033
1841,54,31741.060019016266,587.79740775956043
7746,55,40107.690010070801,729.23072745583272
9418,47,28220.640041351318,600.4391498159855
7497,47,27653.660148620605,588.37574784299159
8825,47,24708.260152816772,525.70766282588875
9080,44,27067.469885826111,615.1697701324116
8090,40,39340.930419921875,983.52326049804685
3613,50,31174.70997428894,623.49419948577884
8138,52,30514.840218544006,586.82385035661548
4941,48,26962.1702003479,561.71187917391455
8144,46,28851.050035476685,627.196739901667
3269,47,31296.270057678223,665.87808633357918
7652,47,25653.360202789307,545.81617452743205
3275,54,31625.759851455688,585.66221947140161
6618,45,28246.050046920776,627.69000104268389
9959,58,35882.710285186768,618.66741871011664
8533,54,33442.290023803711,619.30166710747608
8631,49,30829.200149536133,629.16734999053335
3123,57,37560.579811096191,658.9575405455472
3467,48,26660.200065612793,555.42083470026648
8485,57,35086.949898719788,615.5605245389437
2436,45,25137.559829711914,558.61244066026472
4649,46,25456.890060424805,553.41065348749578
4108,56,32885.029851913452,597.90963367115364
2780,51,27236.780153274536,534.05451280930458
1649,46,23943.50989151001,520.51108459804368
3321,46,30747.330163955688,668.42022095555842
6518,49,26052.710000991821,531.68795920391472
1672,46,26713.169822692871,580.72108310201895
5253,44,27415.300239562988,623.07500544461334
8834,29,16492.129991531372,568.69413763901287
4755,45,25661.740009307861,570.26088909573025
3593,42,24567.079862594604,584.93047291891912
8691,44,40050.90966796875,910.24794699928975
9189,53,33422.059957504272,630.60490485857122
1529,29,15588.600106239319,537.53793469790753
3736,48,29539.090047836304,615.39770932992303
1031,16,8273.6700744628906,517.10437965393066
8525,52,30122.709892272949,579.28288254371057
3238,41,24241.950084686279,591.26707523625066
9023,42,27017.969968795776,658.97487728770182
4469,55,34882.639984130859,634.22981789328833
2382,60,34062.329875946045,567.70549793243413
9117,45,27904.269996643066,620.09488881429036
1460,48,27215.699870109558,566.99374729394913
1792,35,22586.839851379395,645.33828146798271
8785,56,33512.239814758301,609.31345117742364
3879,32,16071.789947509766,502.24343585968018
7792,19,10002.350066184998,526.43947716763148
6461,42,27064.680095672607,644.39714513506203
5061,51,31573.700271606445,619.09216218836173
7151,45,27009.880083084106,600.219557401869
6106,43,25816.360111236572,600.38046770317612
8811,56,30432.459869384766,553.31745217063212
1200,10,6555.4301147460938,655.54301147460933
2001,45,29401.439817428589,653.36532927619089
3928,43,24008.210150718689,558.33046862136484
3501,48,24643.710014343262,513.41062529881799
8742,7,3366.6999740600586,480.95713915143693
7978,47,28900.809959411621,614.9108502002473
5986,66,46617.610198974609,706.32742725719106
7929,51,37500.989818572998,735.31352585437253
3779,46,31337.199771881104,681.24347330176317
3115,9,5224.1999816894531,580.4666646321615
5771,4,2777.7499847412109,694.43749618530273
4048,53,29305.660396575928,552.9369886146402
9283,45,24119.709930419922,535.99355400933155
9950,45,29523.129791259766,656.06955091688371
1243,49,32006.610143661499,653.19612538084687
1194,59,36264.370086669922,614.65034045203254
6063,49,27739.339918136597,577.90291496117914
9973,39,20716.04012298584,531.18051597399585
7809,53,36923.009948730469,696.66056507038616
3836,42,27683.260093688965,659.12524032592773
3089,40,24207.819973945618,620.71333266527222
9587,40,23766.980087280273,594.17450218200679
9160,38,25086.650150299072,660.17500395523871
5259,48,47445.709602355957,988.45228338241577
3195,46,29834.500030517578,648.57608761994732
7523,46,25568.219841957092,568.1826631546021
6896,41,29457.160068511963,718.46731874419424
5957,51,31089.209754943848,609.59234813615387
3538,44,27313.729974746704,620.76659033515239
6206,13,8257.949951171875,635.22691932091345
1629,45,20168.829990386963,448.19622200859919
1323,52,33504.419917106628,644.3157676366659
8221,53,33525.809948921204,632.56245186643775
8270,55,34275.039749622345,623.18254090222445
8307,37,22756.469833374023,615.039725226325
4569,48,29007.009830474854,604.31270480155945
9303,46,28532.379926681519,620.26912884090257
4975,51,31120.419910430908,610.20431196923346
8897,11,6669.1499786376953,606.28636169433594
9003,43,24787.499814033508,576.45348404729089
9252,51,32453.209939002991,636.33744978437232
5416,58,34980.580003738403,603.11344834031729
9246,9,5262.7199478149414,584.74666086832679
1088,50,31810.779925346375,636.21559850692745
6590,11,6193.7700653076172,563.07000593705607
4669,5,3993.3900146484375,798.67800292968752
7474,53,32647.639923095703,627.839229290302
1480,53,30241.970081329346,570.6032090816858
5267,45,24454.340057373047,543.42977905273438
6933,49,31259.489837646484,637.94877219686703
6939,45,27934.249992370605,620.76111094156897
8605,48,28104.120205879211,585.50250428915024
6982,33,17262.400165557861,523.1030353199352
8954,51,30015.089940071106,588.53117529551184
7131,48,32109.759918212891,668.95333162943518
7380,45,30151.140121459961,670.02533603244353
2854,56,33350.720199584961,595.54857499258856
8313,61,38913.829914093018,637.93163793595113
6149,45,27884.169948577881,619.64822107950852
9395,44,29218.570045471191,664.0584101243453
1772,50,28306.359966278076,566.12719932556149
5067,13,8419.7700653076172,647.6746204082782
6100,45,25302.999885559082,562.28888634575742
4435,47,30200.690064430237,642.56787371128166
2846,38,26719.850147247314,703.15395124335043
8348,47,27569.430114746094,586.5836194626828
6024,41,24213.010011672974,590.56121979690181
7684,47,29746.379907608032,632.90170016187301
9012,40,21747.599843978882,543.68999609947207
8680,47,26971.979873657227,573.87191220547288
8371,44,25512.209939002991,579.82295315915883
7375,40,22103.819772720337,552.59549431800838
2537,54,35132.640296936035,650.60444994325997
1209,28,15212.719996452332,543.31142844472618
3416,47,31900.100204467773,678.72553626527178
2420,46,26602.239757537842,578.30955994647479
9367,38,21614.210029602051,568.79500077900138
9035,10,6504.5198974609375,650.45198974609377
7730,51,31876.040088653564,625.0203938951679
9227,38,20177.450180053711,530.98553105404505
4481,41,23518.010013580322,573.61000033122741
5454,49,27777.830137252808,566.89449259699609
4458,51,34571.150239944458,677.86569097930305
9868,57,31196.579921245575,547.30841967097501
7778,46,29426.839943408966,639.71391181323838
8417,47,26049.089867591858,566.28456233895338
3794,47,30476.099938869476,648.42765827381868
8872,41,23918.189975738525,583.37048721313477
7114,53,30592.510029792786,588.31750057293823
4272,45,27019.509979248047,600.43355509440107
7189,43,21187.199921607971,492.72557957227838
8517,39,23323.010043144226,598.02589854215967
4936,44,23851.109890937805,554.67697420785589
5594,36,20383.630090713501,582.38943116324288
1664,50,45825.549877166748,916.51099754333495
6951,39,27008.660131454468,692.52974696037097
2328,42,25318.630100250244,602.82452619643436
8494,37,24971.499933242798,674.90540360115665
6479,53,35271.400051116943,665.49811417201784
6310,41,26349.840061187744,642.67902588262791
2397,58,35329.959899902344,619.82385789302361
5546,15,10532.879974365234,702.19199829101558
7120,47,28638.409810066223,609.32786829928136
2915,2,1170.1199951171875,585.05999755859375
6018,47,40396.920278549194,859.50894209679132
4358,50,33672.010036468506,673.44020072937008
7346,44,20926.480060577393,475.60181955857712
6765,37,21203.619968414307,573.07080995714341
8342,38,18212.769936561584,479.2834193831996
2188,5,2874.7100067138672,574.94200134277344
8686,2,626.64997863769531,313.32498931884766
5531,47,34077.429912567139,725.05170026738597
9705,49,28383.490260601044,579.25490327757234
5045,35,41571.209342956543,1187.7488383701868
9373,51,26822.950109481812,525.9401982251336
5377,56,29854.870050430298,533.1226794719696
3422,40,23083.230239868164,577.08075599670406
1558,46,26884.020076751709,584.43521905981981
2984,49,28856.969779968262,588.91775061159717
3067,53,32720.719944000244,617.37207441509895
5723,16,10747.100057601929,671.69375360012054
6719,36,23042.810176372528,640.07806045479242
1902,32,17099.640064239502,534.36375200748444
6905,37,21505.46012878418,581.22865212930219
7655,44,27938.300148010254,634.96136700023305
3671,35,24878.620067596436,710.81771621704104
4999,62,35254.0798163414,568.61419058615161
2577,41,24160.209733963013,589.27340814543936
6513,51,27569.430236816406,540.57706346698831
2932,51,48768.300876617432,956.24119365916533
8926,46,27637.860000610352,600.82304349152935
9175,38,24739.000015258789,651.02631619102078
5629,40,25247.91990852356,631.19799771308897
2334,39,23118.11009979248,592.77205384083288
3957,11,8644.6700744628906,785.87909767844462
4896,44,26978.139877319336,613.13954266634858
5139,55,35986.969934463501,654.30854426297276
6565,49,30247.870059967041,617.30347061157227
1401,44,23704.579917907715,538.74045267972076
5483,58,35472.809872627258,611.60017021771137
8388,48,53682.730474472046,1118.3902182181675
9221,64,41738.790006637573,652.16859385371208
4306,55,28661.820093154907,521.12400169372563
9716,10,5906.1199645996094,590.61199645996089
5978,14,7257.8200302124023,518.41571644374301
2729,13,6847.1398334503174,526.70306411156287
7060,14,8735.9000015258789,623.99285725184848
3911,46,26192.54996919632,569.40326019991994
5583,67,41235.25007724762,615.45149369026296
4255,13,8360.0999755859375,643.08461350661059
9321,48,26699.39998626709,556.23749971389771
3370,51,29428.440031051636,577.02823590297328
6344,65,39805.870166778564,612.39800256582407
6605,58,36370.010019302368,627.06913826383391
3024,49,34153.360027313232,697.00734749618846
1269,7,3985.4099769592285,569.34428242274691
8408,52,29822.790079116821,573.51519382916968
7412,53,32868.959928512573,632.09538324062646
6250,51,28528.000057697296,559.3725501509274
9902,45,29552.980072021484,656.73289048936635
6865,52,34055.569957733154,654.91480687948376
8906,47,27032.490030288696,575.15936234656806
8812,44,24555.679925918579,558.08363467996776
7481,45,30472.559646606445,692.55817378651011
5468,43,26601.720056533813,618.6446524775306
4899,50,26975.150188446045,539.50300376892085
1816,48,33020.7799949646,687.93291656176245
8145,47,28318.460021972656,602.52042599941819
9476,9,5634.8300795555115,626.09223106172351
8737,42,23114.469971656799,550.34452313468569
1126,38,20712.490118026733,545.0655294217562
6536,46,29007.609964370728,630.60021661675489
5491,40,24782.77010345459,619.56925258636477
8528,54,30763.2600440979,569.69000081662773
4827,49,31859.919843673706,650.20244578925929
7532,43,25461.239921569824,592.12185864115872
5872,50,26962.979900360107,539.25959800720216
2600,46,24502.690034866333,532.66717467100727
5274,60,34410.090034484863,573.50150057474775
1859,50,30425.749927520752,608.51499855041504
9851,46,30750.300033569336,668.48478333846379
4017,55,29475.109879493713,535.9110887180675
9353,49,30720.330066680908,626.9455115649165
4117,60,36833.45013999939,613.89083566665647
8500,51,28248.919929981232,553.90039078394568
4615,46,24300.580098152161,528.27348039461219
6158,42,23367.650012969971,556.37261935642789
2500,44,28174.569927215576,640.33113470944488
1146,47,27220.250118255615,579.15425783522585
9310,48,29140.499927520752,607.09374849001563
4564,47,26426.919996261597,562.27489353748081
6064,54,34226.829940795898,633.83018408881298
1487,42,24037.169948577881,572.31357020423525
7979,44,26228.15999174118,596.09454526684499
3310,50,26811.569868087769,536.2313973617554
6038,48,29926.370063781738,623.46604299545288
2620,53,31886.909889221191,601.63980923058853
3333,39,20078.759874343872,514.83999677804798
9682,44,25347.949989318848,576.08977248451924
8259,55,29542.859920501709,537.14290764548559
1275,58,32060.569988250732,552.76844807328848
6101,38,21804.130039215088,573.79289576881808
6848,52,30237.530068397522,581.49096285379846
3943,15,8626.6200408935547,575.10800272623703
9006,18,11758.980028152466,691.70470753838038
7867,44,21855.27995300293,496.71090802279383
5709,55,33619.25018787384,622.57870718284892
3041,49,28529.049810409546,582.22550633488868
3539,12,9622.309886932373,801.85915724436438
4086,5,2439.3900299072266,487.87800598144531
8365,1,75.650001525878906,75.650001525878906
7383,48,29522.830045700073,615.05895928541815
9882,43,27800.810089111328,661.92404974074589
2059,12,8446.3399047851563,703.86165873209632
4727,43,24658.50985622406,573.4537175866061
1226,46,30472.129978179932,662.43760822130287
3055,56,31556.289974212646,563.50517811094016
2308,46,25819.180019378662,561.28652216040575
3894,50,30981.640100002289,619.63280200004579
7226,51,36661.879932403564,718.86039083144249
6301,40,23423.459988594055,585.58649971485136
4335,53,31418.449928283691,604.20096015930176
5995,43,27535.139963150024,640.35209216627959
9241,52,37769.150071620941,740.57157003178315
9696,47,25319.730108261108,538.71766187789592
4286,50,29864.75993680954,597.29519873619074
9590,44,28344.14991569519,644.18522535670888
5511,56,37262.559951782227,665.40285628182551
9104,46,23693.019866943359,515.06564928137743
2855,46,28895.980056762695,628.17347949484122
2457,41,23433.510054588318,571.54902572166634
6293,51,32520.219843864441,637.65136948753809
2955,49,25969.939782142639,529.99877106413544
7724,50,28867.219772338867,577.3443954467773
3639,43,26359.28006029129,613.00651303002996
3888,55,34199.719905853271,621.81308919733226
1475,53,30484.83983039856,575.18565717733134
9298,47,30017.329797744751,638.6665914413777
1624,48,29103.41010093689,606.3210437695185
4329,56,30956.999797821045,552.80356781823298
9739,51,30449.389981269836,597.04686237783994
7624,42,25447.560050964355,605.89428692772276
7034,13,8029.4800872802734,617.65231440617492
1132,41,26777.170021057129,653.10170783066167
7083,3,1340.0299911499023,446.6766637166341
3605,46,30492.350017547607,662.87717429451322
5597,54,35238.270033359528,652.56055617332458
5929,52,39238.610357284546,754.5886607170105
2680,39,21079.900001525879,540.51025644938147
7518,44,27227.520088195801,618.80727473172271
2348,48,25663.209796905518,534.65020410219824
7850,47,30088.369911193848,640.1780832168904
4269,11,6951.7300262451172,631.97545693137431
2371,50,26955.290065765381,539.10580131530764
1043,50,29457.239963531494,589.14479927062985
3058,39,24876.529920578003,637.85974155328211
4555,51,28889.120139122009,566.45333606121585
6808,51,31511.309913635254,617.86882183598539
3390,48,28516.979942321777,594.10374879837036
4223,59,35144.81002664566,595.67474621433325
5148,42,27219.809929847717,648.09071261542181
1567,8,3771.4900321960449,471.43625402450562
4409,55,32480.430070400238,590.55327400727708
3868,60,41536.510036468506,692.27516727447505
3413,51,34867.390117645264,683.67431603226009
8823,15,11374.260047912598,758.28400319417312
5689,48,25799.160043716431,537.48250091075897
7094,43,24012.140073776245,558.42186218084294
9602,48,32312.310035705566,673.17312574386597
8345,42,24292.989935874939,578.40452228273659
7023,56,36857.980207443237,658.17821799005776
2517,58,31312.180030822754,539.86517294521991
9679,48,28165.200000762939,586.77500001589453
5766,49,25722.369915962219,524.9463248155555
5025,43,38128.67968416214,907.82570676576529
6353,52,35606.55004119873,684.7413469461294
8322,56,31249.769746780396,558.03160262107849
6336,44,23804.240036964417,541.00545538555491
1830,59,33943.13991355896,575.30745616201625
1467,49,30457.089967727661,621.57326464750327
5789,39,24852.979853630066,637.25589368282215
2795,4,1389.5800170898438,347.39500427246094
8299,46,27570.310150146484,599.35456848144531
4810,47,30020.599925994873,638.73616863818881
9725,48,31890.600061416626,664.387501279513
7564,38,25575.709890365601,673.04499711488427
4392,49,25234.040018081665,514.98040853227883
8892,42,28057.930210113525,668.04595738365538
3728,44,23686.25991153717,538.32408889857209
4146,53,32564.500032424927,614.42452891367782
6802,55,33198.089912891388,603.60163477984338
8228,34,16746.590034484863,507.47242528742009
6384,43,20534.319847106934,477.54232202574264
1561,7,4582.6600189208984,654.66571698869973
7489,61,36750.080024719238,602.4603282740859
3087,45,25983.449954986572,577.40999899970166
2423,51,33766.830085754395,662.09470756381165
7263,47,21349.089958190918,464.11065126501995
5935,44,24973.959987640381,567.58999971909952
3018,49,25119.840175628662,512.6497995026258
1690,15,9630.9198784828186,642.06132523218787
6908,8,4435.0799293518066,554.38499116897583
7309,49,28205.759840965271,575.62775185643409
9719,36,22539.740081787109,626.10389116075305
7558,60,32270.170023918152,537.83616706530256
1312,44,23821.219898223877,553.98185809822974
1653,37,23748.510110855103,641.85162461770551
8723,13,7358.2600078582764,566.02000060448279
1003,57,33475.680110931396,587.29263352511225
7249,50,33498.200171947479,669.96400343894959
9573,57,29657.36012840271,520.30456365618784
6954,44,25201.349835395813,572.75795080445027
1999,46,25744.069892883301,559.65369332354999
5294,1,495.22000122070313,495.22000122070313
1112,58,47257.490074157715,814.78431162340883
6768,42,26342.660160064697,627.20619428725468
1793,59,34203.609661102295,579.72219764580166
9619,43,25273.230044364929,587.74953591546353
9957,61,37982.889963150024,622.67032726475452
6668,15,9930.1800422668457,662.01200281778972
6127,33,22626.789791107178,685.66029670021749
4996,9,5246.9300498962402,582.9922277662489
7303,46,25856.420120239258,562.0960895704186
1060,53,33451.950113296509,631.16887006219827
9811,51,25997.709788799286,509.75901546665267
9224,42,26775.049966812134,637.50118968600316
3814,53,29821.360116958618,562.66717201808717
5729,52,32898.700055122375,632.66730875235339
6814,45,26549.019927978516,589.97822062174475
1993,50,31027.879959106445,620.55759918212891
9665,46,23725.769956111908,515.7776077415632
5829,55,30669.699836730957,557.63090612238102
6439,48,31554.8701171875,657.39312744140625
9095,41,25154.680023193359,613.52878105349657
5016,53,31367.880175590515,591.84679576585881
1862,42,27532.849967956543,655.54404685610814
6510,63,39285.650095939636,623.58174755459743
2858,48,30018.940128326416,625.3945860068003
7080,46,27083.069990158081,588.76239109039307
6416,54,28993.050065994263,536.9083345554493
9072,55,30908.609746932983,561.97472267150874
3213,40,22245.269886016846,556.13174715042112
6582,47,27757.790283203125,590.59128262134311
1149,55,32971.590005874634,599.48345465226612
9144,52,32268.85994720459,620.55499898470362
8883,65,47224.819931030273,726.53569124661954
3473,47,27194.329716682434,578.60275992941354
5394,14,9563.039924621582,683.07428033011297
4140,5,3508.0900268554688,701.61800537109377
8809,5,2838.4000091552734,567.68000183105471
9499,54,35056.559823989868,649.19555229610864
1839,56,32676.350028991699,583.50625051770896
1790,45,31052.519863128662,690.05599695841477
4163,6,4024.9900054931641,670.83166758219397
4212,4,1761.0800018310547,440.27000045776367
4544,5,3241.2699584960938,648.25399169921877
9928,53,30224.9899559021,570.28282935664333
1100,39,24870.779899597168,637.7123051178761
8007,55,35368.070053100586,643.05581914728339
4189,51,35403.169891357422,694.17980179132201
5843,53,32868.459797859192,620.15961882753197
9187,13,9364.9599914550781,720.38153780423681
3336,50,32446.079814910889,648.92159629821776
2672,7,4760.2799873352051,680.03999819074363
6553,57,31991.21990776062,561.24947206597574
6135,62,42025.919792175293,677.83741600282735
7217,45,25533.370042800903,567.40822317335346
3971,48,28029.830139160156,583.95479456583655
3307,42,27081.789953231812,644.8045226959955
8056,47,28596.079940795898,608.42723278289145
2546,51,34128.100229263306,669.17843586790798
4538,46,26336.959899425507,572.54260650925016
3456,52,37218.159772872925,715.73384178601782
4120,47,24426.570016860962,519.71425567789277
4710,15,8060.5200004577637,537.36800003051758
4587,57,35193.529808044434,617.43034750955144
7366,44,22426.499870300293,509.69317887046122
2105,55,30838.50004196167,560.70000076293945
9848,51,30139.300018310547,590.96666702569701
7429,42,27411.290061950684,652.64976337977816
2852,52,28980.089990615845,568.23705863952637
4524,13,8424.4100494384766,648.03154226449817
7180,46,28786.10998916626,625.78499976448393
9350,32,22353.389846801758,698.54343271255493
6931,14,8053.5199584960938,575.25142560686379
8852,41,24412.960160255432,595.43805268915685
5414,43,24367.449806213379,566.68487921426458
8070,42,24000.900009155273,571.45000021798273
7037,56,31571.400096893311,563.7750017302377
6539,4,2490.9100341796875,622.72750854492188
2305,38,22749.920021057129,598.68210581729284
2403,46,28990.370052337646,630.22543592038357
1321,32,19594.290019989014,612.32156312465668
1727,53,35011.939932823181,660.6026402419468
4226,50,25483.490119934082,509.66980239868167
3977,5,2857.7300338745117,571.54600677490237
6731,1,238.71000671386719,238.71000671386719
3007,43,26072.119877338409,606.32836924042817
5712,49,34394.189792633057,701.92224066598078
6253,46,26735.290073394775,581.20195811727774
3991,4,2431.1499633789063,607.78749084472656
1770,36,21611.839820861816,600.32888391282825
2019,49,28677.429931640625,585.25367207429849
9785,50,30477.759963989258,609.55519927978514
2660,48,34677.290063858032,722.4435429970423
3785,48,26766.770029067993,557.64104227224982
9152,37,21676.730066299438,585.85756935944426
8560,51,28157.809893608093,552.11391948251162
9642,47,34167.309986114502,726.96404225775541
9393,58,36862.399990081787,635.55862051865154
6888,2,900.72001647949219,450.36000823974609
1870,56,32807.419940948486,585.84678465979437
8952,47,25894.51997756958,550.94723356531017
4957,53,31958.510087966919,602.99075637673434
4364,48,30603.630077362061,637.57562661170959
6285,50,28009.740051269531,560.19480102539057
9866,49,31062.770057678223,633.93408280975962
1376,56,31873.229915618896,569.16481992176602
3723,41,24091.660158634186,587.6014672837606
7590,62,35339.759935379028,569.9961279899843
7258,13,7291.8900375366211,607.65750312805176
5051,51,28764.989820480347,564.01940824471274
3251,13,7910.5501222610474,608.50385555854211
8231,34,24251.700080871582,713.28529649622305
9820,49,27244.100050449371,556.00204184590552
3082,51,31909.749864578247,625.68136989369111
5243,57,32091.370096206665,563.00649291590639
4247,49,27907.419982910156,569.53918332469709
3769,63,37420.559917449951,593.97714154682467
1138,57,37757.069774627686,662.40473288820499
8183,31,14579.610070228577,470.31000226543796
7421,50,29367.179908752441,587.34359817504878
6548,40,28695.55983877182,717.38899596929548
9179,11,6480.5099678039551,589.1372698003596
5884,3,1498.6800079345703,499.56000264485675
5861,50,31433.619901657104,628.67239803314214
9774,44,27958.320083618164,635.41636553677642
4195,42,26489.770160675049,630.70881334940589
2203,33,21482.310163497925,650.97909586357343
5452,11,4595.0899620056152,459.50899620056151
9674,54,36343.530059814453,673.02833444100838
5174,48,27029.209943771362,563.10854049523675
1639,53,32693.720090866089,616.86264322388843
7141,52,30850.339839935303,593.27576615260193
6408,54,33563.990036010742,621.555371037236
8987,48,30234.010221481323,629.87521294752753
2495,38,24011.569864273071,631.88341748087032
7659,9,7140.9399719238281,793.43777465820313
3800,53,29318.679920196533,553.18264000370823
8177,57,37025.710263252258,649.57386426758353
3136,45,24939.85013961792,554.21889199150928
7759,40,22633.960052490234,565.84900131225584
1685,45,24884.919811248779,552.99821802775068
5005,42,27089.500238418579,660.7195180102093
7513,48,29722.379859924316,619.21624708175659
5767,16,10681.550012588501,667.59687578678131
7095,4,2778.559944152832,694.63998603820801
7607,48,31526.529846191406,656.80270512898767
3374,39,25954.819843292236,665.50820111005737
7690,40,21948.760049819946,548.7190012454987
6030,41,25314.700004577637,617.4317074287228
6362,45,27064.309855461121,601.42910789913606
9528,8,4764.3600463867188,595.54500579833984
4596,41,25956.380089759827,633.08244121365431
9920,50,30609.830337524414,612.19660675048829
6325,39,26876.229965209961,689.13410167205029
2332,61,40230.02992773056,659.50868733984521
4988,57,38906.190017700195,682.56473715263496
9411,59,40129.990005493164,680.16932212700283
5984,52,29975.889846801758,576.45942013080298
1407,40,23534.780015945435,588.36950039863586
9657,43,26732.619911193848,621.68883514404297
7985,10,6876.5400085449219,687.65400085449221
3328,8,3984.8200531005859,498.10250663757324
9906,6,3520.9700317382813,586.82833862304688
4347,44,22824.799880981445,518.74545184048736
7642,48,24583.839850902557,512.16333022713661
3019,38,16972.569965362549,446.64657803585652
2343,45,24338.039934158325,540.84533187018496
7450,45,30345.739824295044,674.34977387322317
4201,45,26541.559967041016,589.81244371202251
2529,13,8498.8400573730469,653.75692749023438
6371,43,27705.589910507202,644.3160444304001
3614,52,34186.210250854492,657.42712020874023
8784,7,3738.0900573730469,534.01286533900668
9471,47,24433.939856529236,519.87106077721774
8137,56,33198.63988494873,592.83285508837014
2481,60,39891.210174560547,664.85350290934241
8340,58,37947.080032348633,654.260000557735
6471,50,34646.120178222656,692.92240356445313
6465,59,39857.569969177246,675.55203337588557
6909,48,29413.339950561523,612.77791563669837
1499,37,25132.06005859375,679.24486644847968
5237,43,20798.220121383667,483.67953770659693
1107,59,33863.589906692505,573.95915096088993
6222,48,26336.53991317749,560.35191304632963
9714,47,27024.550016403198,574.99042588091913
9173,49,27818.389904975891,567.72224295869171
8632,52,32781.959854125977,630.42230488703797
5609,11,7856.3500061035156,714.21363691850138
9024,44,28626.229991912842,650.59613617983734
9949,44,25838.100183486938,587.22954962470317
1885,52,31898.440057754517,613.43153957220227
8383,45,26011.989944458008,578.04422098795578
3239,52,29036.410041809082,558.39250080402076
4164,48,27325.309852600098,569.27728859583533
6485,54,32497.209927082062,601.80018383485299
2833,13,6374.7799797058105,490.36769074660083
7579,5,2733.5900268554688,546.7180053710938
1101,40,24741.319759368896,618.53299398422246
7224,46,32826.960025787354,713.62956577798593
6179,44,24501.119926452637,556.84363469210541
8835,48,30444.609855651855,634.26270532608032
5515,13,6319.1100177764893,486.08538598280688
9525,40,24222.240093231201,605.55600233078007
4705,1,567.95001220703125,567.95001220703125
9502,43,26501.800197601318,616.32093482793766
7344,52,32707.729999542236,628.99480768350452
6846,45,27846.070049285889,618.80155665079758
5131,47,30207.510066509247,642.71298013849457
8008,1,1127.8800048828125,1127.8800048828125
1908,43,25689.76985168457,597.43650817871094
5913,54,29984.100263118744,555.2611159836805
3998,39,24867.989978790283,637.6407686869303
1416,45,29189.629890441895,648.65844200981985
8151,38,22533.6398229599,592.99052165683952
1834,41,21592.489711761475,526.64609053076765
2077,12,9780.8000793457031,815.06667327880859
9259,43,25247.899873256683,587.16046216876009
4021,51,32251.520000457764,632.38274510701501
6677,39,20823.810074329376,533.94384805972754
9972,50,27297.080211639404,545.94160423278811
6789,56,33351.030026912689,595.55410762344093
9445,42,25664.929901123047,611.06975955054872
6777,57,33164.700170516968,581.83684509678892
1038,58,37018.659881591797,649.45017336125954
9053,59,39737.510143280029,673.51712107254286
7381,57,38408.999725341797,673.84210044459292
7879,51,30153.290130615234,591.24098295323984
1430,17,10815.530006408691,636.20764743580537
6883,45,28444.979894638062,632.11066432529026
9551,53,31790.239932060242,599.81584777472153
8661,63,34228.989904403687,543.31730006989983
2910,47,29136.469818115234,619.92488974713262
1665,37,25528.5700340271,689.96135227100274
5415,42,27385.579723358154,652.03761246090846
1336,9,5477.0599594116211,608.56221771240234
1324,6,2198.2500095367432,366.37500158945721
8306,42,27282.390121459961,649.58071717761811
7630,50,26557.360088348389,531.14720176696778
1728,41,23993.970043182373,585.21878154103354
5060,46,32430.429943084717,705.00934658879817
9929,4,1685.8099746704102,421.45249366760254
8114,50,32919.040024280548,658.38080048561096
6448,53,47724.560132980347,900.46339873547822
1373,40,22511.750036239624,562.79375090599058
4035,8,4407.4500045776367,550.93125057220459
8506,53,34790.699974060059,656.42830139735963
6348,53,30202.550136566162,569.85943653898414
2512,62,38911.300061702728,627.60161389843108
1522,44,23652.460105895996,537.55591149763632
9494,49,30258.399925231934,617.51836582105989
8655,42,23474.919830322266,558.9266626267206
1330,48,31376.730072975159,653.68187652031577
4819,53,29047.650098323822,548.06886977969475
1822,53,33616.709989547729,634.27754697259866
6740,2,507.81001281738281,253.90500640869141
7722,49,25779.620042800903,526.11469475103888
2263,57,30766.919905662537,539.77052466074622
6640,59,36488.56995010376,618.45033813735188
5526,45,28718.480030059814,638.18844511244038
1874,54,40323.339672088623,746.72851244608557
1542,7,5633.6100463867188,804.80143519810269
1210,12,6694.1999359130859,557.84999465942383
9036,7,5171.6498413085938,738.80712018694192
8088,57,37495.960235595703,657.82386378238073
3225,50,33977.760052680969,679.55520105361938
6545,41,22978.870082855225,560.4602459232982
4885,61,37802.630049705505,619.71524671648365
9084,44,29072.770087242126,660.74477471004832
6096,51,33574.699752807617,658.32744613348268
3557,51,33676.230043411255,673.52460086822509
4768,41,25282.019866943359,616.63463090105756
4104,46,25428.419995307922,552.79173902843308
1164,47,27007.38008928299,574.62510828261679
3488,42,21655.670169830322,515.61119451976958
2492,19,9952.7900543212891,523.83105549059417
1496,55,30198.250047683716,549.05909177606759
1519,55,30456.279887199402,553.75054340362544
2847,50,31734.079931259155,634.68159862518314
3843,58,33954.769990921021,585.42706880898311
9794,46,29658.940116882324,644.75956775831139
7138,50,29051.490105628967,581.02980211257932
9130,44,28628.049945831299,650.63749876889312
6952,58,37468.369950294495,646.00637845335336
4290,52,37709.569969177246,725.18403786879321
1711,48,31703.720142364502,674.54723707158519
2469,43,26599.160293579102,618.58512310649076
9508,53,27678.130032539368,522.22886853847865
3680,50,30256.369869232178,605.12739738464359
1018,63,39687.529927253723,629.96079249609079
8303,62,36084.530157089233,582.00855092079405
8297,47,30822.110076904297,655.78957610434679
5641,6,3147.8799743652344,524.64666239420569
5672,12,6070.4200592041016,505.86833826700848
7069,56,31920.759937286377,570.0135703086853
7662,54,41639.120532989502,771.09482468499073
6236,36,22693.490100860596,630.3747250239054
1490,43,29536.509960174561,686.8955804691758
2916,52,28903.48015165329,555.83615676256329
4908,50,33629.180034637451,672.58360069274897
4413,51,30567.170033454895,599.35627516578222
1636,46,24295.050113677979,539.89000252617734
2177,41,23392.559882164001,570.55024102839025
7587,45,23633.550054073334,525.19000120162968
4204,46,28727.819969177246,624.5178254168967
3279,43,26157.340166091919,608.31023642074229
1204,46,28139.610038757324,625.32466752794051
3611,43,28326.370002746582,658.75279076154845
3872,40,23220.090036392212,580.5022509098053
7441,8,4931.0299987792969,616.37874984741211
2532,1,374.72000122070313,374.72000122070313
8721,51,33625.980133056641,659.33294378542428
9717,51,32316.820020675659,633.66313766030703
4215,49,28118.020126342773,585.79208596547448
1596,51,29580.150016784668,580.0029415055817
7098,47,26558.570125579834,565.07596011871988
5426,44,23944.800058364868,544.20000132647431
2578,37,18855.2799243927,509.6021601187216
2329,46,43095.67017364502,936.8623950792396
4653,41,27128.579853057861,661.67267934287463
6906,39,22690.169914245605,581.79922857040015
7407,54,33126.600006103516,613.45555566858366
9660,5,2729.5000457763672,545.90000915527344
2724,55,31119.4098944664,565.80745262666187
4052,57,32526.620082855225,570.64245759395135
9917,49,29096.479875564575,593.80571174621582
3720,44,29597.999984741211,672.68181783502757
6265,51,34682.149974822998,680.04215636907838
8343,57,36364.93999671936,637.98140345121681
7015,51,30963.330009460449,607.12411783255777
8921,55,33385.310138702393,607.005638885498
5380,12,4409.9499702453613,367.49583085378009
2043,53,32784.679901123047,618.57886605892543
4693,50,33548.370227813721,670.96740455627446
3365,55,31538.680236816406,573.43054976029828
3709,40,44550.58918762207,1113.7647296905518
8535,52,31835.779811859131,612.22653484344482
8286,42,25402.099895477295,604.81190227326897
7948,47,28478.270196914673,605.92064248754627
3371,10,5864.3300170898438,586.43300170898442
1350,52,32070.810194015503,616.74634988491357
6514,44,27703.579946517944,629.62681696631694
4645,25,14979.960011482239,599.19840045928959
8973,15,10254.390106201172,683.62600708007813
9176,9,5990.3699798583984,665.59666442871094
1502,41,26244.359931945801,640.10633980355612
4991,31,20409.679885864258,658.37677051175024
9909,50,29795.020081996918,595.90040163993831
2830,10,4285.0699501037598,428.50699501037599
5240,7,4784.2200012207031,683.46000017438621
4845,43,24383.960075378418,567.06883896228874
2976,45,28554.910021781921,634.55355603959822
3271,55,30722.529961585999,568.93574002937032
8681,38,21009.260166168213,567.8178423288706
2386,44,29757.02025604248,676.29591491005635
9854,52,25177.750007629395,484.18750014671912
7198,57,31426.479835510254,561.187139919826
9356,47,24727.969947814941,526.12702016627532
5704,62,37744.090002059937,608.77564519451505
5206,41,27022.389896392822,659.08268039982488
4945,46,29914.089962005615,650.3063035218612
4779,45,24709.409896850586,549.0979977077908
9760,42,21468.490028381348,511.1545244852702
8764,52,31203.950083732605,600.07596314870398
7221,48,28634.200096130371,596.54583533604944
7055,55,29006.250074386597,527.38636498884716
5561,44,24056.880172729492,546.74727665294301
8266,41,25135.349826812744,613.05731284909132
3926,43,27583.589805603027,641.47883268844248
1270,38,18909.169985771179,497.60973646766263
9428,39,21048.929828643799,539.71614945240515
2217,54,32521.320140838623,613.60981397808723
4828,51,28595.639799118042,560.69881959054987
8074,53,30972.67001581192,584.39000029833812
5157,55,30968.870091438293,563.07036529887807
3903,42,28065.420229911804,668.22429118837624
2738,17,11625.889915466309,683.87587738037109
1247,51,29356.669856548309,575.62097757937863
4802,45,28482.760052680969,632.9502233929104
1888,41,20470.960037231445,499.29170822515721
6892,53,30963.760040283203,584.22188755251329
4187,53,31517.020099639893,594.66075659697913
2146,52,31239.200000762939,600.75384616851807
7533,46,24098.949768066406,523.89021234926975
4118,52,32100.819997787476,617.32346149591297
9946,53,27784.350151062012,524.23302171815112
5369,62,40114.690170288086,647.01113177884008
6039,52,31760.569984436035,610.78019200838526
3454,50,30822.78017616272,616.45560352325435
3946,36,20765.819927215576,576.82833131154382
6182,50,30848.020057678223,616.96040115356448
3305,45,24733.819931030273,549.64044291178391
6631,47,29063.800138473511,618.37872635050019
6010,53,30722.589990615845,579.67150925690271
9803,57,33474.669990539551,587.27491211472898
3969,54,30805.990072250366,570.48129763426607
6674,47,27353.119979858398,594.63304304039991
4467,56,36309.169914245605,648.37803418295721
7172,13,8076.9599647521973,621.30461267324597
1905,62,40590.720125198364,654.68903427739292
2744,47,50230.919937133789,1068.7429773858253
8744,49,29953.119934558868,611.28816192977285
3334,12,8477.5699157714844,706.46415964762366
4144,46,46950.259630203247,1020.6578180478966
7390,3,820.51998901367188,273.50666300455731
5947,53,34388.670185089111,648.84283368092667
6943,47,43306.350486755371,921.41171248415685
7370,37,23298.610061645508,629.69216382825698
7619,34,22260.079877853394,654.70823170157041
4287,17,12321.039901733398,770.0649938583374
4928,51,28955.479831695557,579.10959663391111
6588,37,21336.099796295166,576.65134584581529
8223,45,26491.23010635376,588.69400236341687
7762,46,28020.620107650757,609.14391538371206
6551,51,28900.019989013672,566.66705860811123
6743,42,27720.499827384949,660.01190065202263
1668,60,30436.150169372559,507.26916948954266
2993,48,29869.260116577148,622.27625242869055
9648,46,26992.909832000732,586.80238765218985
9399,15,8919.9999389648438,594.66666259765623
7321,10,4777.689998626709,477.76899986267091
4716,44,31014.580101013184,704.87682047757232
9044,46,25654.870086669922,557.71456710152006
3597,38,24112.169929504395,651.68026836498359
7925,56,35451.410140991211,633.06089537484308
9585,54,33562.60004234314,621.52963041376188
9007,6,2942.5299758911133,490.42166264851886
1035,44,28256.439860343933,642.19181500781667
7284,44,29173.780052185059,663.04045573147857
9691,32,16435.690044403076,513.61531388759613
7278,57,35814.430312156677,628.32333880976626
8807,57,32406.779987335205,568.53999977781064
1184,45,28303.520263671875,628.96711697048613
4479,47,40388.83056640625,859.33682056183511
7178,52,29655.010126113892,581.47078678654691
2807,52,31753.230264663696,610.63904355122497
2409,52,30088.510065078735,578.62519355920642
2166,55,33058.200006484985,601.05818193609059
3491,51,31110.310031890869,610.00607905668369
6394,62,35332.22004699707,569.87451688704948
9099,46,26417.06999206543,574.28413026229191
6886,43,27714.739883422852,644.52883449820581
6296,48,30629.459866523743,638.1137472192446
5755,11,4473.3900146484375,406.67181951349431
6546,45,30820.550075531006,684.90111278957795
7803,55,36669.190259933472,666.71255018060856
4886,59,37789.130004882813,640.49372889631888
3629,59,34963.240043640137,592.5972888752566
8467,48,31908.790063858032,678.91042689059645
7565,51,30974.499820709229,607.34313373939665
9440,54,39794.210034370422,736.92981545130408
6784,8,4492.1799774169922,561.52249717712402
9108,51,34777.279876232147,681.9074485535715
6569,8,4121.099983215332,515.1374979019165
7233,10,4394.6999816894531,439.46999816894532
1422,52,29473.280076980591,566.79384763424218
2184,57,33252.939962387085,583.38491162082607
5504,47,32071.749726295471,682.37765375096751
6500,39,23065.380071640015,591.42000183692346
1090,46,26147.339839935303,568.42043130294132
9177,42,23591.179859161377,561.6947585514614
4840,10,4479.0899314880371,447.90899314880369
8822,49,30708.250057220459,626.69898075960123
5195,49,30827.590179443359,629.13449345802769
4863,51,29398.280061721802,576.4368639553295
1445,9,5895.7600250244141,655.08444722493493
9626,46,26722.879917144775,580.93217211184299
6383,49,28739.220006942749,586.51469401923976
3057,65,37365.079895019531,574.84738300030051
5032,55,31354.500152587891,570.08182095614347
3483,53,30114.619960784912,568.20037661858328
5813,47,29633.999694824219,630.51063180477058
7657,54,33856.249984741211,626.96759231002238
4362,6,3695.7200164794922,615.9533360799154
7024,13,9861.6700439453125,758.59000338040869
5003,60,36605.170139312744,610.08616898854575
3506,45,28087.119789123535,624.15821753607861
3752,39,21493.609939575195,551.11820357885119
8252,48,26055.100024223328,542.81458383798599
4932,1,206.03999328613281,206.03999328613281
9726,44,23310.790027618408,529.7906824458729
2201,16,9979.6199035644531,623.72624397277832
2865,43,21767.69003200531,506.22534958151886
8939,6,2909.8999938964844,484.98333231608075
2295,49,28249.600143432617,576.52245190678809
1560,41,27084.83012008667,660.60561268504068
1311,39,25042.320127487183,642.11077249967138
2247,57,33356.160088539124,585.1957910270022
9563,46,26601.400066375732,578.29130579077685
3612,56,29490.879856109619,526.62285457338601
5782,13,9026.8300323486328,694.37154094989478
2934,58,33431.169872283936,576.39948055661955
9918,41,28623.950120925903,698.1451249006318
8427,53,32507.53994178772,613.34981022240981
8083,13,8503.7998199462891,654.13844768817603
1359,54,35843.959934234619,663.77703581915966
3621,42,28484.819904327393,678.20999772208074
6277,36,25961.459951400757,721.15166531668774
7064,59,36736.200164794922,622.64746042025297
7605,10,5345.0900573730469,534.50900573730473
1654,47,31238.959995269775,664.65872330361219
9277,50,28058.710175514221,561.17420351028443
7396,50,27332.980024337769,546.65960048675538
8933,46,30720.389719009399,667.83455910889995
3658,12,9505.4799423217773,792.12332852681482
7408,11,7697.700065612793,699.79091505570841
5043,57,32532.439847946167,570.74455873589761
2387,52,26779.340120315552,514.98731000606836
9964,54,28139.820011138916,521.107777984054
6964,64,32798.340014457703,520.60857165805874
6715,44,23722.370216369629,539.1447776447643
1059,12,8739.7099761962891,728.30916468302405
3366,48,27262.640020370483,580.05617064618048
9323,7,4635.4599609375,662.20856584821433
7989,44,27253.609935760498,619.40022581273854
3815,31,15997.800106048584,516.05806793705108
8684,46,35459.480422973633,770.85827006464422
4253,48,33755.050165176392,703.23021177450812
9912,48,27220.570030212402,567.09520896275842
7502,49,29899.209827423096,622.9002047379812
6417,53,30915.410015106201,583.30962292653214
2238,57,35609.740180969238,624.73228387665336
9271,41,24583.309803009033,599.59292202461052
8484,54,28332.949979305267,524.68425887602348
7943,42,25751.300067901611,613.12619209289551
5301,58,34776.479919433594,599.59448136954472
9878,35,21994.580001831055,628.41657148088723
3641,44,22158.279806137085,503.59726832129741
5799,50,28595.910099029541,571.91820198059077
8218,46,29146.959842681885,633.6295617974323
3214,43,27671.110023498535,643.51418659298918
4803,3,2429.8199462890625,809.93998209635413
5278,44,25459.280079841614,578.62000181458211
3237,9,3403.0000152587891,378.11111280653211
2931,59,37130.440124511719,629.32949363579189
6583,39,24358.320105075836,624.57231038655993
6844,38,20122.680077552795,529.54421256717887
2504,40,23518.139991760254,587.95349979400635
5919,46,24735.119914054871,537.71999813162768
8169,44,31291.720207214355,711.17545925487173
8504,50,30476.859851837158,609.53719703674312
4090,42,26292.690291404724,626.01643550963627
3927,50,34052.65002822876,681.0530005645752
7840,37,42472.340187072754,1147.9010861371014
1248,57,31398.430061340332,550.84965019895321
1150,42,25274.299984931946,601.76904726028442
9904,46,30069.819874763489,653.69173640790189
6867,45,28239.890026092529,627.55311169094512
1789,48,32200.119911193848,670.8358314832052
3970,55,33055.760059833527,601.01381926970043
1385,42,26526.480182647705,631.58286149161199
9288,57,31915.900052070618,559.92807108895818
4711,48,29908.369962692261,623.09104088942206
4688,45,28494.9400806427,647.61227456006134
2198,66,37781.040051460266,572.44000077970099
5321,39,19966.300185203552,511.9564150052193
6483,49,25837.440062522888,527.29469515352832
8690,59,33085.430225372314,560.77000381986977
9998,42,23230.96997833252,553.11833281744089
6752,55,30917.699906826019,562.13999830592763
9257,15,10423.15007019043,694.87667134602862
3257,46,27374.190095901489,595.09108904133677
1932,30,20673.429882049561,689.11432940165207
6011,40,24492.899940490723,628.023075397198
1342,6,5549.6300048828125,924.93833414713538
9308,43,28942.89991569519,673.09069571384168
6111,49,28404.010136604309,579.6736762572308
9898,34,21416.549842834473,629.89852478924922
9884,13,8275.3500061035156,636.56538508488586
3137,52,33859.760000228882,651.14923077363233
5556,45,26998.299922943115,599.96222050984704
1726,52,32418.169948577881,623.42634516495923
9635,16,8596.8100280761719,537.30062675476074
1477,43,28492.080405235291,662.60652105198346
4774,46,25571.170016765594,555.89500036446941
6895,54,32645.219990730286,604.54111093944971
7073,53,28104.990056037903,530.28283124599818
3741,42,24632.76997756958,586.49452327546624
8604,45,30363.399917602539,674.74222039116751
9729,12,7621.4300079345703,635.11916732788086
9600,45,28248.189964294434,627.73755476209851
8567,4,2413.5900268554688,603.39750671386719
9586,45,24431.049964904785,542.91222144232859
3337,44,25506.390068054199,579.69068336486816
2012,53,28447.550205230713,536.74623028737199
7677,57,35527.110065460205,623.28263272737206
8996,8,5937.4098510742188,742.17623138427734
9351,6,4004.5199890136719,667.41999816894531
7379,52,30273.80001449585,582.1884618172279
2808,52,38205.039861679077,749.11842866037409
7628,46,29195.80980014801,634.69151739452195
2559,3,1472.9199905395508,490.97333017985028
6987,51,27311.99024772644,535.5292205436557
2161,44,28413.690015792847,645.76568217711019
3194,48,31746.380073547363,661.38291819890344
9692,38,24242.309801101685,637.95552108162326
3002,48,31340.820045471191,652.93375094731653
9002,56,31238.529937744141,557.83089174543113
4182,38,18337.750106811523,482.57237123188219
5507,50,38881.109832763672,777.62219665527346
6097,51,30371.090169906616,595.51157195895325
1428,36,22402.540031433105,622.29277865091956
1920,13,7884.88991355896,606.52999335068921
3492,46,25332.430041313171,550.70500089811242
9443,35,21298.339938163757,608.52399823325015
8902,56,36089.269763946533,644.45124578475952
8312,52,33661.069789886475,647.32826519012451
9935,46,29125.340065002441,633.1595666304878
3443,53,31455.299976348877,593.49622596884672
9984,47,28189.949855804443,599.78616714477539
1803,60,48245.400405883789,804.09000676472976
6048,37,24585.07966709137,664.46161262409112
2135,52,34312.179692268372,659.84960946669946
1139,48,28799.759930610657,599.99499855438864
5384,56,37533.479936599731,670.24071315356662
9961,53,34360.980168819427,648.32038054376278
7044,10,4594.9499893188477,459.49499893188477
6403,62,39595.970020294189,638.64467774668049
6071,60,35312.550243377686,588.54250405629477
7946,49,25584.780003070831,522.1383674096088
8942,48,28414.630111694336,591.9714606602987
8063,64,37855.580169677734,591.4934401512146
3177,59,31074.359825134277,526.68406483278432
5169,40,23339.530003547668,583.48825008869176
9251,46,26404.410140991211,574.00891610850454
8086,44,36320.649707794189,825.46931154077708
6426,51,32232.290245056152,632.00569107953243
4837,7,3588.6799774169922,512.66856820242742
1185,56,36428.9098777771,650.51624781744817
6094,41,21465.670043945313,523.55292790110514
9082,41,25028.830167770386,610.45927238464355
7259,10,6865.6200561523438,686.5620056152344
6595,4,3492.4800415039063,873.12001037597656
3818,47,29568.95986366272,629.12680560984506
7445,45,28272.519931793213,642.55727117711842
8109,58,37486.230068206787,646.31431152080665
6781,55,30268.269908905029,550.3321801619096
8564,39,23215.530082702637,595.27000212058044
9228,53,29743.690380096436,561.20170528483845
1494,49,31491.510206222534,642.68388175964355
8896,62,37304.989738464355,611.55720882728451
4814,55,32081.959941864014,583.30836257934573
4150,52,33951.039970397949,652.90461481534521
3486,29,18999.94998550415,655.17068915531559
5576,17,9061.380126953125,533.02236040900732
4296,43,25541.750032424927,593.99418680057966
1640,49,30630.530017852783,625.11285750719969
7539,46,29022.780035972595,630.93000078201294
4557,46,25875.59001159668,562.51282633905828
9205,7,6184.8800659179688,883.55429513113836
3532,52,30067.54997253418,578.22211485642651
5198,53,31427.069904327393,592.96358310051687
7190,46,26380.859878540039,573.49695388130522
4983,51,30443.550012588501,596.93235318800987
3649,1,1173.47998046875,1173.47998046875
3678,55,33202.099847793579,603.67454268715596
5006,40,27012.179905891418,675.30449764728542
8424,41,20750.769910812378,506.11633928810676
8178,52,35510.419773101807,682.8926879442655
7585,54,31025.549867630005,574.54721977092606
1757,53,31953.039846420288,602.88754427208096
2421,41,25592.250110626221,624.2012222103956
9752,49,33080.020227432251,675.10245362106639
6998,57,28025.610027313232,491.67736890023212
3578,51,32895.840042114258,657.91680084228517
5029,9,6348.8700256347656,705.43000284830725
9967,51,44711.749839782715,876.70097725064147
3801,51,31938.859985351563,626.25215657552087
1394,52,31490.890214920044,605.59404259461621
3469,55,54649.578990936279,993.6287089261142
2722,54,35695.819931507111,661.03370243531685
1216,53,33169.720135688782,625.84377614507139
9955,12,10116.960052490234,843.08000437418616
5971,4,3196.4900207519531,799.12250518798828
6457,1,536.90997314453125,536.90997314453125
1903,55,31827.340154647827,589.39518804903389
5733,49,34147.149993896484,696.88061212033642
9280,46,25475.280166625977,553.81043840491259
6280,2,1736.6000366210938,868.30001831054688
8341,44,25564.850040435791,581.01931910081339
1594,48,26618.929935455322,554.56104032198584
3423,50,28350.319995880127,567.00639991760249
1016,50,28333.029977798462,566.66059955596927
3918,68,46120.930238723755,688.37209311527988
7013,15,10030.510021209717,668.7006680806478
8982,47,29409.220012664795,625.72808537584672
2035,43,29707.919708251953,690.88185368027803
7986,50,29251.619983673096,585.0323996734619
4605,45,29916.350088119507,664.80777973598902
5687,42,25832.829982757568,615.06738054184689
9314,56,32028.170088768005,571.93160872800013
3068,46,24203.439990997314,526.16173893472421
2381,41,31951.609870910645,779.30755782708889
3223,43,22683.359931945801,527.51999841734425
2630,52,30456.879844665527,585.70922778202942
6466,40,24115.109882354736,602.87774705886841
1889,43,29844.750038146973,694.063954375511
3317,46,27475.500089645386,597.29348020968234
3858,45,25732.120180606842,571.82489290237424
9520,59,33992.460144042969,586.07689903522362
1202,67,40675.259613037109,607.09342706025541
3661,59,34082.120087623596,577.66305233260334
7153,31,17232.570014953613,555.88935532108428
4202,51,32071.069835186005,641.42139670372012
8481,53,28905.57006072998,545.38811435339585
1843,45,29699.219802856445,659.98266228569878
4010,13,7094.0900268554688,545.69923283503601
3171,1,732.3699951171875,732.3699951171875
1697,42,26301.020136356354,626.21476515134179
4542,46,29140.430037498474,633.48760951083636
7886,57,36957.849922180176,648.38333196807321
2052,30,18953.410144805908,631.78033816019695
5467,9,4271.7700119018555,474.64111243353949
3546,8,3795.9499588012695,474.49374485015869
1245,49,28913.829929351807,590.07816182350621
4067,37,26925.43994140625,727.71459301097968
1743,38,25579.850202560425,673.15395269895851
3901,29,18035.000011444092,621.89655211876175
7768,35,20205.030090332031,577.28657400948657
1837,58,33554.999942779541,578.5344817720611
5181,48,32006.020141601563,666.79208628336585
9758,49,28256.750183105469,576.66837108378513
3191,52,34167.790229797363,669.95667117249729
2527,47,27566.319917678833,586.51744505699639
4236,47,26025.110027313232,553.72574526198366
8478,60,33151.949794769287,552.53249657948811
8527,44,27761.630031585693,630.94613708149302
8146,48,29782.619983673096,620.4712496598562
9454,40,28225.270071029663,705.63175177574158
9383,47,29021.869996070862,617.48659566108222
1219,55,28926.209924697876,525.93108953996136
5304,42,28550.839981079102,679.78190431140717
2642,58,35686.329857826233,615.28154927286607
5298,32,21070.389915466309,658.44968485832214
9377,51,28955.430073738098,567.7535308576098
8713,3,1892.3000030517578,630.76666768391931
9526,53,26765.610145568848,514.72327203017016
6655,41,28994.169952392578,707.1748768876239
1196,47,26946.700180053711,573.33404638412151
1319,3,1654.7399520874023,551.57998402913415
9260,50,34429.500091552734,688.59000183105468
3503,70,41789.279788970947,596.98971127101356
6749,43,27018.180099964142,628.32976976660791
7339,43,27255.87011384964,633.85744450813115
4514,34,21401.350282669067,629.45147890203134
6506,5,1881.8800201416016,376.37600402832032
6088,2,950.1300048828125,475.06500244140625
7980,50,31504.340320587158,630.08680641174317
7488,45,27618.850231170654,613.7522273593479
5865,52,26819.910152435303,515.76750293144812
5447,37,23029.120124816895,622.40865202207829
5988,41,25187.569988250732,614.33097532318857
8521,45,27827.849986076355,632.45113604718983
4714,44,22556.549973487854,512.64886303381491
7382,50,26570.209968566895,531.40419937133788
5212,45,27327.189908981323,607.27088686625166
6386,65,39440.009918212891,606.76938335712134
9789,57,35062.600122451782,615.13333548161017
9042,9,4401.3200454711914,489.03556060791016
2899,46,22456.079944610596,488.17565096979558
9895,50,34252.300148010254,685.0460029602051
9005,43,25418.829701423645,591.13557445171273
8258,40,20845.0100440979,521.12525110244746
4763,44,28121.130079269409,639.11659271066844
6586,43,22875.420120239258,531.98651442416883
6337,56,36441.100096702576,650.73393029826025
7027,11,4605.3900108337402,418.67181916670364
3744,51,34864.279720306396,683.61332784914498
8650,52,34830.869843482971,669.82442006698022
4322,7,4414.6500244140625,630.66428920200894
8601,1,509.22000122070313,509.22000122070313
1966,43,24699.569821357727,574.40860049669129
6051,52,32841.290252685547,631.56327409010669
8215,49,31631.570129394531,645.5422475386639
4628,2,1188.72998046875,594.364990234375
2358,55,33692.790132522583,612.59618422768335
9987,49,26431.789833068848,539.42428230752751
6200,55,33294.640077590942,605.35709231983526
5659,48,27205.990131378174,566.79146107037866
9489,44,25235.640087127686,573.53727470744741
8166,56,34560.780164718628,617.15678865568975
7917,58,33987.999862670898,585.99999763225685
7674,55,33158.2998046875,602.87817826704543
3838,44,28040.029815673828,637.27340490167796
2756,49,31939.049972057343,651.81734636851718
6002,60,32623.200171470642,552.93559612662102
8999,16,8880.1399421691895,555.00874638557434
5902,54,31706.970058441162,587.16611219335482
8656,52,32725.599983215332,629.33846121567944
4230,57,34774.61017036438,610.08088018183128
6984,51,31015.70005607605,608.15098149168728
2164,47,34036.430221557617,724.17936641611948
